date,tmin,tmax,prcp,snow,snwd,awnd
1/9/2017,9,31,0,0,1.2,2.46
1/11/2017,40,57,0,0,0,6.04
1/19/2017,36,63,0,0,0,1.34
1/20/2017,46,59,0.09,0,0,2.91
1/24/2017,41,63,0,0,0,6.04
1/26/2017,43,70,0.06,0,0,13.42
1/30/2017,30,46,0,0,0,6.26
2/6/2017,31,68,0,0,0,4.7
2/10/2017,26,51,0,0,0,6.71
2/12/2017,58,83,0.05,0,0,11.41
2/16/2017,32,53,0,0,0,6.71
3/6/2017,34,65,0,0,0,6.71
3/13/2017,26,42,0.56,0,0,8.28
3/15/2017,24,40,0,0,0,10.51
3/17/2017,23,58,0.03,0,0,4.92
3/22/2017,39,64,0,0,0,8.28
3/23/2017,31,56,0,0,0,7.38
4/1/2017,49,75,0,0,0,6.04
4/2/2017,49,69,0,0,0,6.04
4/15/2017,61,85,0,0,0,9.62
4/16/2017,60,82,0,0,0,12.75
4/17/2017,62,86,0.05,0,0,9.84
4/20/2017,56,85,0,0,0,5.82
4/21/2017,63,89,0.21,0,0,6.93
5/1/2017,68,85,0.29,0,0,15.66
5/11/2017,61,84,0.48,0,0,4.92
5/12/2017,54,61,0.07,0,0,7.61
5/18/2017,66,86,0,0,0,10.96
5/26/2017,59,81,0,0,0,7.83
5/30/2017,68,82,0.06,0,0,4.03
6/3/2017,57,88,0,0,0,3.36
6/5/2017,67,85,1.54,0,0,6.04
6/11/2017,67,90,0,0,0,6.26
6/16/2017,70,89,2.3,0,0,4.03
6/18/2017,74,91,0.17,0,0,8.72
6/25/2017,67,84,0,0,0,3.58
6/28/2017,57,83,0,0,0,4.25
7/13/2017,78,97,0,0,0,8.5
7/14/2017,77,97,0,0,0,9.4
7/18/2017,71,89,0,0,0,5.14
7/28/2017,75,94,0.21,0,0,7.61
7/30/2017,63,85,0,0,0,6.26
8/18/2017,75,98,0.01,0,0,7.38
8/19/2017,73,92,0.05,0,0,2.91
8/20/2017,71,95,0,0,0,3.58
8/30/2017,59,84,0,0,0,1.79
9/1/2017,64,78,1.06,0,0,7.83
9/5/2017,64,90,0.06,0,0,8.05
9/6/2017,61,82,0.52,0,0,4.92
9/11/2017,58,67,0.01,0,0,12.75
9/28/2017,63,94,0,0,0,3.13
10/2/2017,47,76,0,0,0,4.92
10/6/2017,55,86,0,0,0,2.91
10/11/2017,73,89,1.12,0,0,8.05
10/12/2017,65,77,0,0,0,8.28
10/13/2017,63,71,0,0,0,7.38
10/14/2017,62,78,0,0,0,3.13
10/26/2017,40,63,0,0,0,3.8
10/29/2017,41,68,0.78,0,0,7.61
11/5/2017,51,70,0,0,0,2.46
11/18/2017,33,67,0,0,0,11.41
11/19/2017,34,64,0.08,0,0,9.17
11/20/2017,28,57,0,0,0,2.01
12/4/2017,33,61,0,0,0,2.46
12/14/2017,30,57,0,0,0,7.38
1/1/2018,13,28,0,0,0,6.49
1/7/2018,4,30,0,0,0,2.68
1/14/2018,21,33,0,0,0,8.72
1/19/2018,19,49,0,0,3.9,3.58
1/20/2018,26,56,0,0,1.2,5.59
1/23/2018,47,70,0.83,0,0,15.66
1/24/2018,34,54,0,0,0,4.03
1/27/2018,31,67,0,0,0,6.26
1/28/2018,52,60,1.3,0,0,5.14
2/7/2018,44,65,0.21,0,0,8.5
2/17/2018,40,56,0.06,0,0,6.93
3/2/2018,41,55,0,0,0,14.99
3/3/2018,35,57,0,0,0,8.72
3/12/2018,32,38,0.92,1.4,0,7.16
3/20/2018,36,57,1.05,0,0,8.72
4/1/2018,41,75,0,0,0,7.61
4/4/2018,48,77,0,0,0,13.87
4/10/2018,39,62,0,0,0,5.37
4/11/2018,38,62,0,0,0,5.37
4/13/2018,52,80,0,0,0,14.32
4/15/2018,61,82,3.31,0,0,12.53
4/21/2018,37,68,0,0,0,4.47
4/26/2018,48,75,0.18,0,0,3.36
4/27/2018,54,73,0.01,0,0,4.92
5/1/2018,45,83,0,0,0,4.47
5/13/2018,66,93,0,0,0,6.04
5/14/2018,68,93,0,0,0,8.05
5/18/2018,71,82,0.23,0,0,8.28
5/25/2018,65,86,0,0,0,5.82
5/26/2018,68,87,0.33,0,0,8.5
6/7/2018,62,85,0,0,0,4.92
6/12/2018,63,70,0.01,0,0,6.26
6/16/2018,65,90,0,0,0,4.47
6/18/2018,74,94,0,0,0,4.92
6/20/2018,73,94,0,0,0,4.47
6/24/2018,73,96,0.07,0,0,7.61
6/26/2018,66,74,0.74,0,0,6.93
7/6/2018,71,93,0.34,0,0,3.8
7/8/2018,62,82,0,0,0,8.05
7/10/2018,59,91,0,0,0,2.46
7/16/2018,74,95,0,0,0,8.05
7/18/2018,72,89,0,0,0,6.71
7/19/2018,63,90,0,0,0,7.16
7/21/2018,69,88,0.01,0,0,6.71
7/23/2018,70,88,0.02,0,0,6.26
7/25/2018,69,82,0.27,0,0,3.8
8/1/2018,73,90,0.02,0,0,9.17
8/7/2018,71,93,0.2,0,0,6.71
8/9/2018,69,90,0,0,0,4.7
8/10/2018,69,91,0,0,0,2.01
8/13/2018,67,85,0.08,0,0,3.58
8/20/2018,68,87,0.86,0,0,4.47
8/27/2018,69,93,0,0,0,4.03
8/31/2018,69,92,0.27,0,0,3.8
9/10/2018,67,88,0.26,0,0,4.47
9/28/2018,65,79,0.02,0,0,4.92
10/1/2018,60,82,0,0,0,2.01
10/3/2018,64,86,0,0,0,2.68
10/4/2018,66,89,0,0,0,2.68
10/7/2018,66,87,0,0,0,2.91
10/8/2018,69,85,0,0,0,6.26
10/11/2018,63,79,2.6,0,0,11.63
10/13/2018,48,70,0,0,0,3.36
10/15/2018,59,80,0,0,0,5.59
10/17/2018,53,71,0,0,0,3.58
10/18/2018,43,62,0,0,0,4.47
10/25/2018,36,55,0,0,0,1.34
11/5/2018,54,62,0.82,0,0,3.8
11/6/2018,57,74,0.03,0,0,7.38
11/10/2018,34,52,0,0,0,6.26
11/24/2018,36,45,0.72,0,0,5.14
11/29/2018,25,51,0,0,0,3.13
12/2/2018,58,71,0,0,0,10.96
12/10/2018,30,34,0.73,1.9,1.2,7.61
12/17/2018,36,61,0,0,0,5.82
12/20/2018,45,66,0.68,0,0,8.72
12/22/2018,34,53,0,0,0,6.71
12/30/2018,45,59,0.01,0,0,2.91
1/7/2019,40,51,0,0,0,6.93
1/25/2019,27,47,0,0,0,3.58
2/4/2019,37,68,0,0,0,2.68
2/10/2019,27,43,0,0,0,3.8
2/16/2019,34,58,0.45,0,0,8.05
2/18/2019,38,63,0.42,0,0,6.71
2/19/2019,33,45,0.25,0,0,5.37
2/21/2019,35,59,0.14,0,0,4.25
2/24/2019,41,65,0.05,0,0,8.72
3/2/2019,37,59,0,0,0,4.25
3/16/2019,40,59,0,0,0,4.92
3/19/2019,33,55,0,0,0,6.26
3/21/2019,44,59,0.58,0,0,6.26
3/26/2019,39,56,0.06,0,0,10.07
4/2/2019,31,40,0.35,0,0,5.82
4/13/2019,64,70,0.93,0,0,5.59
4/14/2019,66,79,0.28,0,0,11.86
4/17/2019,48,80,0,0,0,6.71
4/20/2019,49,66,0.02,0,0,12.53
5/1/2019,63,84,0,0,0,8.05
5/5/2019,63,77,0.36,0,0,6.71
5/7/2019,58,79,0,0,0,4.47
5/9/2019,63,83,0,0,0,8.05
5/12/2019,65,76,0,0,0,11.63
5/27/2019,68,89,0,0,0,3.13
6/4/2019,57,84,0,0,0,6.93
6/9/2019,70,80,0.09,0,0,6.93
6/10/2019,72,87,0.14,0,0,6.49
6/22/2019,63,84,0.01,0,0,4.03
6/25/2019,70,90,0,0,0,5.14
7/12/2019,73,92,0.08,0,0,8.05
7/13/2019,73,95,0,0,0,4.92
7/16/2019,71,96,0,0,0,3.36
7/18/2019,74,96,0.02,0,0,7.61
8/5/2019,68,85,0.22,0,0,2.68
8/15/2019,72,90,0,0,0,3.8
8/30/2019,57,90,0,0,0,3.13
8/31/2019,62,89,0,0,0,2.91
9/3/2019,68,91,0,0,0,3.13
9/5/2019,70,79,0.93,0,0,11.86
9/8/2019,66,89,0,0,0,4.03
9/21/2019,55,88,0,0,0,5.14
9/24/2019,64,89,0,0,0,3.8
9/25/2019,63,87,0,0,0,6.04
9/28/2019,71,94,0,0,0,7.61
10/5/2019,58,68,0,0,0,8.72
10/6/2019,57,82,0,0,0,4.47
10/21/2019,50,74,0,0,0,4.47
10/23/2019,44,69,0,0,0,2.24
10/25/2019,52,75,0,0,0,1.12
10/26/2019,53,79,0,0,0,6.04
11/2/2019,36,62,0,0,0,1.12
11/4/2019,33,64,0,0,0,2.24
11/8/2019,33,58,0.1,0,0,7.61
11/9/2019,27,52,0,0,0,2.68
11/10/2019,29,65,0,0,0,5.82
11/12/2019,29,56,0.94,0,0,6.71
11/21/2019,31,59,0,0,0,3.58
11/28/2019,41,59,0,0,0,7.16
11/29/2019,33,56,0,0,0,1.12
12/2/2019,38,50,0,0,0,7.83
12/3/2019,35,51,0,0,0,5.14
12/4/2019,33,57,0,0,0,4.7
12/21/2019,30,49,0,0,0,2.01
1/3/2020,46,58,1.53,0,0,3.58
1/5/2020,37,51,0,0,0,7.61
1/16/2020,46,64,0,0,0,7.83
1/19/2020,32,56,0.01,0,0,9.17
1/23/2020,25,49,0,0,0,4.7
1/27/2020,31,54,0.12,0,0,2.68
1/28/2020,34,53,0,0,0,2.24
1/31/2020,28,47,0.6,0,0,4.47
2/9/2020,31,54,0,0,0,4.7
2/13/2020,50,69,0.57,0,0,11.41
2/16/2020,31,55,0.05,0,0,3.58
2/24/2020,46,54,0.18,0,0,6.93
2/27/2020,36,50,0,0,0,9.4
3/4/2020,47,60,0,0,0,5.82
3/7/2020,34,54,0,0,0,5.82
3/13/2020,63,75,0.07,0,0,8.95
3/16/2020,42,59,0,0,0,4.47
3/21/2020,50,73,0.07,0,0,6.26
3/28/2020,62,89,0,0,0,7.16
4/1/2020,44,59,0,0,0,6.04
4/2/2020,41,66,0,0,0,5.37
4/3/2020,41,72,0,0,0,5.14
4/7/2020,51,84,0,0,0,6.04
4/11/2020,32,67,0,0,0,4.47
4/17/2020,35,73,0,0,0,10.51
4/26/2020,51,74,0.26,0,0,7.16
4/27/2020,44,69,0,0,0,6.26
4/30/2020,55,69,1.67,0,0,8.72
5/6/2020,49,72,0,0,0,6.93
5/9/2020,39,63,0,0,0,5.14
5/11/2020,46,67,0,0,0,8.5
5/12/2020,38,65,0,0,0,3.8
5/26/2020,66,79,0,0,0,6.93
5/31/2020,57,77,0,0,0,6.71
6/2/2020,55,85,0,0,0,11.18
6/4/2020,71,92,0,0,0,10.29
6/7/2020,69,88,0,0,0,5.37
6/13/2020,63,83,0,0,0,7.16
6/15/2020,58,65,0.77,0,0,9.84
6/16/2020,59,62,0.52,0,0,11.18
6/26/2020,63,89,0,0,0,2.91
7/3/2020,66,94,0,0,0,2.24
7/4/2020,68,94,0.07,0,0,3.36
7/10/2020,71,95,0.25,0,0,4.7
7/13/2020,68,92,0.08,0,0,4.47
7/22/2020,73,96,0,0,0,8.95
7/30/2020,72,89,0,0,0,7.16
8/6/2020,72,87,0.06,0,0,2.91
8/7/2020,72,89,0.01,0,0,4.7
8/8/2020,71,90,0,0,0,3.8
8/12/2020,72,91,0,0,0,4.7
8/14/2020,72,89,0.63,0,0,3.58
8/16/2020,67,79,0.02,0,0,4.25
8/17/2020,64,86,0.11,0,0,2.46
8/20/2020,68,85,0,0,0,5.37
8/24/2020,74,86,0,0,0,7.38
8/26/2020,71,89,0,0,0,3.58
9/5/2020,61,81,0,0,0,6.26
9/8/2020,62,84,0.03,0,0,5.59
9/10/2020,74,88,0,0,0,3.13
9/15/2020,59,75,0,0,0,8.72
9/29/2020,59,85,0.68,0,0,7.61
10/4/2020,48,68,0,0,0,3.8
10/8/2020,58,83,0,0,0,2.46
10/9/2020,56,72,0,0,0,5.14
10/17/2020,46,64,0,0,0,4.92
10/28/2020,57,72,0.05,0,0,4.03
10/31/2020,44,60,0,0,0,5.82
11/4/2020,37,70,0,0,0,1.34
11/23/2020,40,63,0.01,0,0,4.92
11/27/2020,49,67,0,0,0,2.46
11/29/2020,36,63,0.54,0,0,3.58
12/21/2020,42,55,0,0,0,6.93
12/25/2020,26,57,0.05,0,0,10.51
12/27/2020,24,51,0,0,0,2.24
12/29/2020,32,51,0,0,0,5.14
12/30/2020,26,46,0.06,0,0,1.79
1/1/2021,41,55,0.65,0,0,7.83
1/2/2021,42,57,0.6,0,0,3.13
1/7/2021,27,49,0,0,0,2.91
1/8/2021,35,40,0.35,0,0,5.59
1/12/2021,34,56,0.09,0,0,1.79
1/19/2021,27,57,0,0,0,6.04
1/23/2021,25,48,0,0,0,4.03
1/25/2021,39,46,0.37,0,0,3.8
2/2/2021,33,45,0,0,0,9.4
2/4/2021,23,53,0,0,0,5.14
2/15/2021,35,43,0.63,0,0,6.26
2/19/2021,32,44,0.42,0,0,4.7
3/5/2021,34,52,0,0,0,4.7
3/6/2021,33,55,0,0,0,2.68
3/9/2021,33,72,0,0,0,3.36
3/16/2021,35,45,0.37,0,0,4.92
3/27/2021,55,77,0.91,0,0,4.25
3/30/2021,40,74,0,0,0,7.38
4/13/2021,49,76,0,0,0,4.03
4/17/2021,43,65,0,0,0,0.89
4/22/2021,32,61,0,0,0,5.82
5/3/2021,66,79,0.2,0,0,11.86
5/7/2021,43,64,0.33,0,0,2.91
5/25/2021,65,85,0,0,0,4.7
5/31/2021,51,75,0,0,0,1.34
6/4/2021,71,85,0.02,0,0,5.82
6/7/2021,72,89,0,0,0,8.28
6/12/2021,70,80,0.03,0,0,7.38
6/17/2021,58,82,0,0,0,3.58
6/18/2021,56,88,0,0,0,5.37
6/19/2021,71,92,0,0,0,11.63
6/21/2021,72,91,0,0,0,9.4
6/23/2021,59,79,0,0,0,5.59
6/24/2021,57,79,0,0,0,6.93
6/26/2021,70,86,0.03,0,0,4.7
6/29/2021,71,91,0,0,0,5.59
7/4/2021,60,84,0,0,0,2.24
7/13/2021,73,90,0,0,0,9.4
7/21/2021,71,89,0,0,0,4.25
7/22/2021,70,86,0,0,0,4.92
7/23/2021,66,87,0,0,0,4.25
8/3/2021,66,75,0.11,0,0,7.16
8/19/2021,73,94,0.44,0,0,3.8
8/23/2021,68,92,0,0,0,2.01
8/25/2021,72,95,0,0,0,2.24
8/28/2021,73,95,0,0,0,4.92
9/3/2021,54,83,0,0,0,3.13
9/8/2021,72,93,0,0,0,7.61
9/9/2021,63,75,1.6,0,0,5.14
9/12/2021,62,87,0,0,0,6.26
9/19/2021,66,90,0,0,0,4.47
9/20/2021,70,84,0,0,0,8.28
9/22/2021,63,80,0.73,0,0,8.95
9/28/2021,59,87,0,0,0,4.7
10/5/2021,66,88,0,0,0,3.36
10/10/2021,64,76,0,0,0,8.05
10/15/2021,59,85,0,0,0,2.91
10/20/2021,45,79,0,0,0,2.01
10/29/2021,55,71,0.58,0,0,9.62
11/1/2021,43,70,0,0,0,2.01
11/5/2021,34,53,0,0,0,6.26
11/15/2021,33,54,0,0,0,4.47
11/21/2021,34,64,0,0,0,1.12
11/23/2021,27,47,0,0,0,3.58
11/28/2021,35,62,0,0,0,4.7
12/17/2021,54,73,0,0,0,6.93
12/20/2021,29,44,0,0,0,4.47
12/23/2021,27,51,0,0,0,2.91
1/2/2022,59,70,0.81,0,0,11.4
1/3/2022,31,60,2.29,0,0,10.3
1/6/2022,37,59,0,0,0,4.7
1/11/2022,27,41,0,0,0,3.4
1/12/2022,25,53,0,0,0,6.3
1/13/2022,27,53,0,0,0,1.6
1/14/2022,37,56,0,0,0,3.6
1/16/2022,25,38,1.22,0,0,12.3
1/18/2022,25,49,0,0,0,3.4
1/20/2022,30,50,0.34,0,0,8.3
1/30/2022,15,44,0,0,0,4.3
1/31/2022,22,53,0,0,0,2.7
2/1/2022,28,52,0,0,0,4.3
2/6/2022,23,44,0,0,0,6.5
2/14/2022,27,50,0,0,0,3.4
2/25/2022,42,69,0.01,0,0,5.4
2/27/2022,36,46,0.19,0,0,3.1
3/4/2022,41,60,0,0,0,6.9
3/6/2022,62,81,0,0,0,14.3
3/14/2022,32,67,0,0,0,3.8
3/16/2022,48,72,0.65,0,0,4.7
3/18/2022,48,77,0,0,0,7.2
3/28/2022,29,61,0,0,0,7.6
4/8/2022,49,68,0.16,0,0,7.4
4/10/2022,39,64,0,0,0,7.8
4/25/2022,59,85,0,0,0,8.5
4/30/2022,55,72,0,0,0,3.6
5/11/2022,53,77,0,0,0,11.2
5/19/2022,70,92,0.01,0,0,9.4
5/26/2022,61,82,0.01,0,0,5.8
5/28/2022,61,82,0.62,0,0,2.5
5/29/2022,59,88,0,0,0,2.7
1/2/2017,47,51,1.08,0,0,5.59
1/5/2017,29,44,0,0,0,2.01
1/6/2017,32,43,0.25,0,0,6.04
1/14/2017,42,55,0,0,0,6.71
1/22/2017,53,56,0.09,0,0,5.82
2/2/2017,37,61,0,0,0,2.24
2/3/2017,34,49,0.06,0,0,4.7
2/4/2017,26,45,0,0,0,4.7
2/5/2017,27,60,0.01,0,0,4.92
2/11/2017,41,73,0,0,0,12.3
2/14/2017,30,64,0,0,0,4.7
2/22/2017,51,70,0,0,0,3.8
2/27/2017,35,66,0,0,0,5.37
3/1/2017,59,79,0.97,0,0,17.22
3/5/2017,30,53,0,0,0,6.26
3/12/2017,30,48,0.03,0.3,0,4.92
3/16/2017,24,50,0,0,0,6.04
3/18/2017,44,64,0.5,0,0,7.83
3/24/2017,37,71,0,0,0,9.62
3/25/2017,52,76,0,0,0,10.74
3/29/2017,55,73,0,0,0,4.92
4/4/2017,63,82,0,0,0,12.97
4/10/2017,49,78,0,0,0,9.62
4/13/2017,54,80,0,0,0,8.05
4/14/2017,53,81,0,0,0,4.47
4/24/2017,53,60,4.51,0,0,10.96
5/2/2017,60,77,0,0,0,11.41
5/7/2017,45,69,0,0,0,5.82
5/8/2017,43,71,0,0,0,4.7
5/10/2017,57,83,0.45,0,0,3.8
5/15/2017,60,85,0,0,0,4.7
5/24/2017,65,74,0.29,0,0,5.82
5/25/2017,60,76,0.82,0,0,11.41
5/28/2017,67,86,0.08,0,0,6.71
6/10/2017,61,89,0,0,0,6.04
6/20/2017,67,82,0.72,0,0,4.47
6/21/2017,66,85,0.2,0,0,6.71
6/30/2017,69,87,0.05,0,0,7.83
7/6/2017,68,93,0,0,0,5.82
7/8/2017,71,95,0.05,0,0,6.49
7/10/2017,70,90,0,0,0,4.47
7/12/2017,75,94,0,0,0,8.72
7/17/2017,71,90,0.02,0,0,4.47
7/25/2017,74,91,0,0,0,4.7
7/26/2017,72,90,0,0,0,5.82
7/29/2017,70,82,0.01,0,0,8.5
8/1/2017,60,88,0,0,0,2.91
8/6/2017,65,90,0,0,0,7.61
8/9/2017,67,84,0,0,0,6.71
8/11/2017,73,89,1.2,0,0,4.25
8/14/2017,73,88,0.21,0,0,3.8
8/15/2017,76,91,0.07,0,0,2.91
8/23/2017,74,95,0.21,0,0,5.82
8/24/2017,71,84,0,0,0,6.04
8/26/2017,68,83,0,0,0,8.05
8/28/2017,62,78,0.03,0,0,11.41
9/2/2017,61,83,0,0,0,6.26
9/8/2017,51,77,0,0,0,2.68
9/9/2017,53,76,0,0,0,7.38
9/18/2017,65,83,0,0,0,6.71
9/20/2017,62,91,0,0,0,3.58
10/3/2017,50,77,0,0,0,6.26
10/15/2017,62,83,0,0,0,9.84
10/24/2017,52,72,0,0,0,6.49
10/25/2017,42,66,0,0,0,3.8
10/28/2017,47,74,0.76,0,0,4.92
11/2/2017,55,78,0,0,0,2.01
11/4/2017,56,64,0,0,0,8.28
11/6/2017,53,76,0,0,0,4.7
11/10/2017,35,58,0,0,0,6.71
11/13/2017,42,60,0.64,0,0,4.25
11/14/2017,43,52,0,0,0,8.72
11/22/2017,42,62,0.03,0,0,4.7
11/29/2017,40,70,0,0,0,2.46
11/30/2017,35,69,0,0,0,1.12
12/7/2017,40,49,0,0,0,2.46
12/15/2017,31,43,0,0,0,5.14
12/22/2017,36,61,0,0,0,3.58
12/23/2017,48,71,0,0,0,12.08
1/2/2018,12,32,0,0,0,2.91
1/4/2018,18,30,0,0,1.2,9.62
1/6/2018,12,27,0,0,0,4.03
1/9/2018,29,63,0,0,0,2.68
1/10/2018,43,61,0,0,0,4.92
1/21/2018,31,68,0,0,0,1.12
1/30/2018,25,40,0.04,0,0,6.93
1/31/2018,19,47,0,0,0,5.82
2/3/2018,18,42,0,0,0,5.14
2/8/2018,33,50,0,0,0,3.36
2/9/2018,28,58,0,0,0,4.03
2/12/2018,42,65,0.08,0,0,9.84
2/22/2018,61,78,0,0,0,9.84
2/25/2018,60,73,0,0,0,11.18
2/28/2018,39,57,0.07,0,0,4.92
3/14/2018,31,44,0,0,0,7.61
3/24/2018,27,50,0.91,0.2,0,3.58
3/25/2018,33,54,0.3,0,0,9.84
3/30/2018,51,71,0.03,0,0,13.2
3/31/2018,40,64,0,0,0,5.82
4/12/2018,44,75,0,0,0,13.87
4/16/2018,41,64,0,0,0,14.76
4/23/2018,52,66,0.01,0,0,11.18
4/25/2018,51,68,0,0,0,3.8
4/28/2018,50,78,0,0,0,5.82
5/5/2018,63,82,0,0,0,7.83
5/8/2018,53,77,0,0,0,7.83
5/11/2018,59,89,0,0,0,4.03
5/20/2018,69,86,0,0,0,8.05
5/21/2018,68,86,0.72,0,0,4.7
5/27/2018,69,87,0,0,0,9.4
5/28/2018,69,76,0.28,0,0,6.26
5/29/2018,69,82,0.62,0,0,4.47
5/30/2018,73,85,0.49,0,0,5.59
6/2/2018,68,87,0.08,0,0,4.7
6/3/2018,69,88,0,0,0,4.92
6/5/2018,57,82,0,0,0,3.13
6/6/2018,61,85,0.23,0,0,5.14
6/13/2018,67,85,0,0,0,6.04
6/28/2018,68,90,0,0,0,4.92
7/2/2018,75,95,0,0,0,3.13
7/4/2018,72,93,0,0,0,5.37
7/13/2018,68,88,0,0,0,7.61
7/22/2018,68,89,1.11,0,0,5.59
7/24/2018,71,86,0,0,0,7.38
7/26/2018,68,92,0,0,0,4.92
8/4/2018,71,89,0,0,0,3.8
8/16/2018,68,92,0,0,0,2.91
8/19/2018,68,88,1.83,0,0,6.71
8/24/2018,55,82,0,0,0,4.7
9/3/2018,69,91,0,0,0,1.12
9/5/2018,71,91,0,0,0,4.03
9/6/2018,71,92,0,0,0,2.91
9/7/2018,71,92,0.03,0,0,2.68
9/8/2018,71,91,0,0,0,3.13
9/9/2018,67,80,0.15,0,0,5.37
9/11/2018,68,88,0,0,0,2.91
9/15/2018,73,77,1.85,0,0,15.88
9/19/2018,65,88,0,0,0,1.79
9/22/2018,67,88,0,0,0,4.47
9/25/2018,69,85,0,0,0,3.36
9/30/2018,62,81,0,0,0,4.03
10/9/2018,67,80,0.07,0,0,6.49
10/14/2018,49,65,0,0,0,3.58
10/22/2018,34,62,0,0,0,3.8
10/23/2018,42,66,0,0,0,4.7
11/8/2018,51,65,0,0,0,7.16
11/9/2018,50,53,0.07,0,0,5.37
11/16/2018,34,54,0,0,0,5.59
11/20/2018,38,64,0,0,0,5.82
11/22/2018,33,50,0,0,0,5.59
11/28/2018,25,42,0,0,0,6.71
12/3/2018,47,68,0,0,0,5.59
12/8/2018,31,43,0,0,0,4.7
12/11/2018,27,44,0,0,2,3.8
12/12/2018,24,45,0,0,1.2,1.34
12/13/2018,29,51,0,0,0,2.24
12/23/2018,28,57,0.01,0,0,5.14
12/29/2018,45,65,0,0,0,3.36
1/5/2019,44,61,0.01,0,0,9.62
1/12/2019,30,39,0.07,0,0,5.59
1/14/2019,31,41,0,0,0,3.58
1/21/2019,17,31,0,0,0,5.82
1/22/2019,17,39,0,0,0,3.8
2/2/2019,29,60,0,0,0,3.8
2/9/2019,33,46,0,0,0,6.04
2/17/2019,34,40,0.24,0,0,4.47
2/25/2019,37,59,0,0,0,7.83
2/26/2019,30,63,0,0,0,3.8
3/1/2019,39,47,0.65,0,0,7.38
3/3/2019,42,50,0.81,0,0,6.93
3/9/2019,41,48,0.01,0,0,5.82
3/11/2019,44,66,0,0,0,2.91
3/18/2019,32,60,0,0,0,4.47
3/24/2019,32,71,0,0,0,7.61
4/6/2019,53,67,0,0,0,3.8
4/16/2019,38,69,0,0,0,5.82
4/21/2019,44,64,0,0,0,3.13
5/6/2019,60,77,0,0,0,5.82
5/13/2019,57,74,1.32,0,0,3.58
5/15/2019,43,72,0,0,0,3.58
5/26/2019,72,94,0.05,0,0,5.82
5/30/2019,65,96,0,0,0,6.93
6/2/2019,62,88,0,0,0,5.59
6/8/2019,71,79,0.32,0,0,9.4
6/16/2019,66,89,0,0,0,11.41
6/17/2019,72,93,0,0,0,9.84
6/19/2019,71,88,0.02,0,0,7.61
6/21/2019,65,85,0,0,0,7.61
7/2/2019,68,95,0,0,0,3.36
7/5/2019,70,91,0.31,0,0,4.7
7/8/2019,74,92,0.17,0,0,4.7
7/10/2019,72,91,0,0,0,5.82
7/22/2019,74,97,0.06,0,0,12.08
7/23/2019,64,82,1.16,0,0,5.14
7/29/2019,66,93,0,0,0,4.92
8/3/2019,70,86,0,0,0,3.36
8/7/2019,72,91,0.14,0,0,6.49
8/14/2019,73,93,0.12,0,0,6.71
8/20/2019,71,93,0,0,0,7.61
8/24/2019,64,72,0.32,0,0,6.49
8/25/2019,63,76,0.04,0,0,6.49
9/2/2019,70,90,0,0,0,3.8
9/6/2019,69,87,0.1,0,0,7.61
9/9/2019,71,86,0,0,0,2.91
9/16/2019,69,90,0,0,0,3.8
9/20/2019,50,79,0,0,0,3.36
9/26/2019,70,94,0,0,0,6.04
10/16/2019,52,66,0.47,0,0,5.59
10/19/2019,39,67,0.03,0,0,3.13
10/20/2019,56,65,1.57,0,0,8.05
10/29/2019,55,71,0,0,0,3.58
11/7/2019,41,70,0.08,0,0,4.92
11/15/2019,39,47,0.07,0,0,6.71
11/18/2019,41,47,0.24,0,0,4.7
11/20/2019,38,61,0,0,0,2.91
11/22/2019,49,66,0,0,0,8.05
11/25/2019,32,62,0,0,0,2.24
11/26/2019,34,65,0,0,0,2.91
12/7/2019,34,52,0,0,0,6.04
12/15/2019,35,61,0,0,0,4.7
12/20/2019,25,56,0,0,0,3.36
12/25/2019,32,58,0,0,0,2.46
12/29/2019,57,73,0.09,0,0,8.72
12/30/2019,49,76,0,0,0,14.76
1/2/2020,35,58,0.1,0,0,7.16
1/7/2020,30,52,0.07,0,0,5.14
1/8/2020,29,59,0,0,0,6.04
1/15/2020,57,70,0,0,0,4.47
1/17/2020,36,47,0,0,0,6.93
1/21/2020,24,38,0,0,0,8.05
1/22/2020,24,46,0,0,0,6.26
2/1/2020,36,45,0.04,0,0,4.25
2/5/2020,60,64,0.2,0,0,8.95
2/6/2020,60,70,2.35,0,0,9.4
2/10/2020,36,64,0,0,0,8.05
2/12/2020,51,64,0,0,0,6.71
2/25/2020,48,65,0.16,0,0,7.38
3/12/2020,51,73,0,0,0,4.92
3/18/2020,46,68,0,0,0,5.82
3/19/2020,59,81,0.01,0,0,10.07
3/23/2020,44,50,0.32,0,0,5.82
3/24/2020,50,55,0.27,0,0,5.37
3/31/2020,46,62,0.23,0,0,9.62
4/5/2020,47,73,0,0,0,4.47
4/8/2020,58,83,0.43,0,0,6.71
4/13/2020,61,81,0.39,0,0,15.43
4/15/2020,40,57,0.14,0,0,7.61
4/22/2020,41,71,0,0,0,4.92
4/25/2020,55,61,0.01,0,0,8.28
5/7/2020,40,67,0,0,0,5.59
5/8/2020,44,70,0.05,0,0,11.41
5/10/2020,36,70,0,0,0,8.28
5/13/2020,42,70,0,0,0,1.57
5/14/2020,58,81,0,0,0,8.05
5/15/2020,60,83,0,0,0,10.51
5/16/2020,60,89,0,0,0,6.93
5/18/2020,64,70,0.07,0,0,8.28
5/22/2020,62,82,0.05,0,0,6.26
5/25/2020,62,76,0,0,0,5.59
6/1/2020,54,77,0,0,0,4.47
6/9/2020,73,90,0,0,0,6.04
6/17/2020,61,76,0.1,0,0,4.03
6/18/2020,59,80,0,0,0,5.14
6/28/2020,70,91,0.06,0,0,6.04
6/30/2020,70,92,0.21,0,0,3.8
7/1/2020,69,90,0,0,0,3.58
7/6/2020,68,92,0,0,0,5.37
7/8/2020,74,89,0,0,0,7.38
7/9/2020,73,90,0,0,0,7.38
7/11/2020,70,92,0.02,0,0,5.14
7/14/2020,68,95,0,0,0,2.91
7/16/2020,74,94,0,0,0,5.59
7/28/2020,73,97,1.03,0,0,5.82
8/3/2020,71,84,1.01,0,0,5.59
8/4/2020,69,88,1.64,0,0,8.28
8/10/2020,71,89,0,0,0,4.25
8/15/2020,71,87,1.38,0,0,3.8
8/19/2020,66,87,1.07,0,0,3.58
8/21/2020,71,84,0,0,0,4.25
9/2/2020,72,92,0,0,0,4.47
9/3/2020,76,93,0,0,0,8.05
9/4/2020,73,92,0,0,0,2.91
9/18/2020,64,75,0.1,0,0,9.62
9/26/2020,59,73,0,0,0,2.46
11/1/2020,48,63,0.38,0,0,6.71
11/2/2020,35,54,0,0,0,7.38
11/5/2020,40,74,0,0,0,0.89
11/11/2020,68,78,0.23,0,0,8.72
11/20/2020,31,69,0,0,0,4.03
11/26/2020,55,68,0.02,0,0,6.49
11/30/2020,46,69,1.17,0,0,13.42
12/6/2020,28,55,0,0,0,2.24
12/10/2020,31,61,0,0,0,2.91
12/13/2020,50,69,0.07,0,0,3.8
12/24/2020,49,65,1.76,0,0,10.51
1/9/2021,28,50,0,0,0,2.91
1/10/2021,25,53,0,0,0,0.67
1/16/2021,33,46,0,0,0,7.61
1/27/2021,40,53,0.33,0,0,5.37
1/31/2021,33,38,1.07,0,0,5.82
2/6/2021,27,55,0.31,0,0,2.01
2/11/2021,37,49,0.83,0,0,6.26
2/14/2021,33,37,0.41,0,0,8.05
2/17/2021,28,47,0,0,0,7.61
2/22/2021,33,59,0.41,0,0,7.16
2/27/2021,40,58,0.15,0,0,4.7
2/28/2021,48,77,0,0,0,4.03
3/1/2021,48,68,0.15,0,0,10.07
3/7/2021,29,52,0,0,0,4.03
3/12/2021,54,80,0,0,0,8.72
3/14/2021,43,72,0,0,0,4.03
3/18/2021,49,73,0.02,0,0,5.59
3/20/2021,31,57,0,0,0,10.51
3/23/2021,50,62,0,0,0,7.16
3/25/2021,52,75,0.02,0,0,5.82
3/28/2021,57,76,0.25,0,0,13.87
4/2/2021,32,49,0,0,0,5.82
4/9/2021,60,83,0.07,0,0,5.82
4/14/2021,55,82,0.13,0,0,7.16
4/18/2021,48,71,0,0,0,2.46
4/20/2021,42,75,0,0,0,7.38
4/26/2021,42,77,0,0,0,2.68
5/4/2021,64,87,0.2,0,0,9.4
5/8/2021,42,74,0,0,0,4.92
5/17/2021,56,76,0.05,0,0,3.13
5/20/2021,53,88,0,0,0,3.13
5/21/2021,57,83,0,0,0,6.71
5/23/2021,64,92,0,0,0,2.91
6/3/2021,68,79,2.04,0,0,6.26
6/9/2021,71,89,0,0,0,7.83
6/13/2021,66,85,0,0,0,4.92
7/5/2021,65,90,0,0,0,2.91
7/8/2021,71,79,2.52,0,0,8.05
7/20/2021,66,84,0,0,0,2.01
7/24/2021,68,87,0,0,0,6.71
7/26/2021,73,92,0.02,0,0,7.16
8/1/2021,75,91,0,0,0,4.03
8/8/2021,65,91,0,0,0,2.68
8/16/2021,71,90,0.39,0,0,3.58
8/20/2021,73,87,0.36,0,0,2.91
8/24/2021,72,94,0,0,0,2.46
8/27/2021,72,93,0,0,0,4.7
8/30/2021,72,96,0,0,0,4.92
8/31/2021,72,94,0,0,0,6.93
9/10/2021,57,80,0,0,0,3.13
9/11/2021,56,83,0,0,0,3.58
9/13/2021,64,90,0,0,0,4.03
9/15/2021,72,89,0,0,0,6.71
9/16/2021,70,85,0,0,0,4.03
9/17/2021,72,83,0.01,0,0,5.59
9/25/2021,49,78,0,0,0,2.01
9/30/2021,60,82,0,0,0,3.8
10/1/2021,58,82,0,0,0,2.68
10/3/2021,62,87,0,0,0,8.72
10/9/2021,63,68,4.96,0,0,6.71
10/11/2021,64,72,0,0,0,6.49
10/26/2021,47,70,0,0,0,6.93
11/3/2021,44,56,0,0,0,6.04
11/7/2021,40,60,0,0,0,7.83
11/30/2021,26,59,0,0,0,6.93
12/7/2021,41,56,0,0,0,6.49
12/8/2021,32,48,0.14,0,0,2.01
12/21/2021,30,41,0.27,0,0,4.03
12/25/2021,49,72,0,0,0,13.2
12/26/2021,47,73,0,0,0,3.13
1/5/2022,30,59,0,0,0,4.9
1/7/2022,27,52,0,0,0,8.1
1/15/2022,28,40,0,0,0,5.8
1/19/2022,28,60,0,0,0,7.8
1/23/2022,17,47,0,0,1,4
1/24/2022,27,52,0,0,0,4.3
1/25/2022,35,61,0,0,0,2.9
1/28/2022,26,48,0,0,0,2.9
1/29/2022,25,36,0.05,0.39,0,8.7
2/10/2022,33,67,0,0,0,7.4
2/24/2022,42,57,0.04,0,0,
2/26/2022,40,48,0.02,0,0,5.8
3/15/2022,39,71,0,0,0,4.7
3/24/2022,59,73,0.47,0,0,11.6
3/27/2022,34,60,0,0,0,7.6
4/3/2022,46,70,0,0,0,5.8
4/7/2022,54,80,0.05,0,0,8.5
4/9/2022,45,56,0,0,0,6.9
4/12/2022,60,83,0,0,0,8.3
4/15/2022,54,75,0.03,0,0,5.4
4/19/2022,39,59,0,0,0,
4/29/2022,45,71,0,0,0,6
5/3/2022,65,89,0,0,0,8.7
5/8/2022,47,53,0.01,0,0,9.4
5/12/2022,62,70,0.07,0,0,10.7
5/14/2022,64,80,0,0,0,2.5
5/16/2022,64,87,0.01,0,0,7.4
5/23/2022,67,85,1.29,0,0,6
5/25/2022,60,68,0,0,0,7.8
5/30/2022,66,91,0,0,0,2.9
1/4/2017,41,64,0,0,0,5.82
1/12/2017,54,73,0,0,0,12.53
1/17/2017,47,62,0.04,0,0,8.28
1/27/2017,30,51,0,0,0,6.49
1/29/2017,30,54,0.02,0,0,8.05
1/31/2017,31,68,0,0,0,12.75
2/1/2017,42,70,0,0,0,3.8
2/13/2017,37,64,0,0,0,7.16
2/15/2017,39,56,0.34,0,0,5.37
2/17/2017,34,66,0,0,0,6.71
3/14/2017,30,54,0.25,0,0,10.51
3/19/2017,36,57,0,0,0,7.16
3/21/2017,50,82,0.2,0,0,5.82
3/27/2017,59,79,0.06,0,0,9.17
3/30/2017,55,67,0,0,0,8.95
3/31/2017,58,79,0.42,0,0,10.74
4/12/2017,56,83,0,0,0,4.03
4/19/2017,55,69,0,0,0,3.58
4/26/2017,56,81,0,0,0,5.37
4/27/2017,62,82,0,0,0,10.51
4/29/2017,72,89,0,0,0,10.07
4/30/2017,70,86,0.02,0,0,10.51
5/5/2017,56,78,1.48,0,0,15.88
5/14/2017,49,81,0,0,0,7.16
5/16/2017,57,87,0,0,0,3.58
5/27/2017,61,88,0,0,0,6.04
5/31/2017,68,86,0,0,0,4.7
6/7/2017,59,77,0,0,0,10.29
6/19/2017,70,92,0.09,0,0,11.86
6/24/2017,71,91,0.46,0,0,7.83
6/26/2017,60,85,0,0,0,3.36
6/29/2017,60,87,0,0,0,6.71
7/1/2017,73,90,0,0,0,9.17
7/3/2017,70,93,0.15,0,0,2.91
7/7/2017,73,91,0,0,0,8.95
7/9/2017,69,88,0,0,0,3.36
7/21/2017,74,98,0,0,0,5.59
7/24/2017,71,93,0,0,0,7.16
7/31/2017,58,87,0,0,0,4.47
8/2/2017,66,91,0,0,0,3.36
8/5/2017,68,92,0,0,0,6.49
8/12/2017,73,92,0.48,0,0,5.37
8/29/2017,64,71,0.22,0,0,8.5
9/7/2017,53,76,0,0,0,2.91
9/10/2017,51,71,0,0,0,8.95
9/12/2017,63,79,0.63,0,0,10.74
9/19/2017,64,85,0,0,0,4.25
9/26/2017,69,85,0,0,0,7.61
9/27/2017,68,91,0,0,0,5.59
10/1/2017,48,71,0,0,0,7.16
10/7/2017,59,86,0.15,0,0,6.26
10/16/2017,51,69,0.25,0,0,5.82
10/22/2017,51,79,0,0,0,3.13
10/27/2017,38,73,0,0,0,5.82
11/1/2017,46,73,0,0,0,4.25
11/7/2017,44,63,0.1,0,0,6.49
11/12/2017,28,49,0.03,0,0,1.57
11/15/2017,33,54,0,0,0,3.58
11/17/2017,34,57,0,0,0,2.91
11/21/2017,30,64,0,0,0,2.91
11/27/2017,26,61,0,0,0,1.34
12/9/2017,32,34,0.3,0,0,5.82
12/11/2017,26,55,0,0,0,4.92
12/13/2017,21,43,0,0,0,8.72
12/16/2017,24,50,0,0,0,3.58
12/19/2017,36,70,0,0,0,4.47
12/21/2017,36,53,0,0,0,4.47
12/24/2017,43,61,0,0,0,7.38
12/27/2017,27,45,0,0,0,4.7
12/31/2017,23,35,0,0,0,10.07
1/5/2018,12,31,0,0,0,5.59
1/13/2018,29,56,0,0,0,9.62
1/15/2018,17,39,0,0,0,3.8
1/16/2018,20,47,0,0,0,1.79
1/18/2018,10,34,0,0.2,5.9,5.59
1/22/2018,38,62,0,0,0,4.7
2/4/2018,33,56,0.61,0,0,6.49
3/1/2018,50,57,0.59,0,0,4.47
3/6/2018,32,42,0.45,0,0,4.47
3/15/2018,24,65,0,0,0,11.63
3/16/2018,39,68,0,0,0,5.82
3/18/2018,40,60,0.01,0,0,6.04
3/19/2018,44,65,0,0,0,5.59
3/21/2018,32,42,0.05,0,0,6.93
3/26/2018,32,53,0,0,0,10.29
3/28/2018,43,76,0,0,0,10.74
4/2/2018,51,81,0,0,0,9.84
4/5/2018,34,61,0,0,0,3.58
4/7/2018,33,62,0.99,0,0,8.05
4/17/2018,33,62,0,0,0,9.4
4/29/2018,44,66,0,0,0,5.82
4/30/2018,36,72,0,0,0,4.03
5/10/2018,59,87,0.18,0,0,9.17
5/15/2018,69,88,0.02,0,0,8.72
5/16/2018,68,85,0.76,0,0,6.71
5/19/2018,69,75,0.59,0,0,8.5
5/31/2018,71,88,0,0,0,7.16
6/4/2018,64,85,0,0,0,5.59
6/9/2018,68,89,0,0,0,2.68
6/19/2018,73,96,0,0,0,5.59
6/22/2018,71,95,0,0,0,6.04
6/23/2018,74,92,0.18,0,0,8.72
6/27/2018,65,86,0,0,0,3.58
6/29/2018,70,92,0,0,0,4.25
7/3/2018,75,95,0,0,0,6.49
7/11/2018,67,96,0.05,0,0,3.8
7/12/2018,72,87,0.01,0,0,7.61
8/5/2018,72,93,0,0,0,3.36
8/11/2018,72,91,0.04,0,0,4.47
8/17/2018,73,91,0,0,0,9.62
8/23/2018,60,80,0,0,0,5.14
8/28/2018,71,94,0,0,0,6.04
8/30/2018,73,95,0,0,0,6.49
9/1/2018,71,93,0.19,0,0,4.92
9/12/2018,72,88,0.13,0,0,5.14
9/17/2018,72,88,1.32,0,0,11.63
9/21/2018,70,83,0,0,0,4.92
9/23/2018,64,76,0,0,0,5.37
9/24/2018,64,74,0,0,0,5.82
9/29/2018,60,82,0,0,0,3.36
10/2/2018,61,83,0,0,0,3.8
10/5/2018,68,90,0,0,0,3.8
10/6/2018,68,82,0,0,0,3.58
10/19/2018,39,69,0,0,0,3.13
10/28/2018,42,64,0,0,0,8.5
10/31/2018,42,72,0,0,0,8.5
11/3/2018,39,61,0,0,0,5.82
11/7/2018,49,73,0,0,0,1.34
11/11/2018,28,51,0,0,0,4.03
11/17/2018,33,59,0,0,0,1.57
11/30/2018,42,68,0.02,0,0,8.72
12/21/2018,46,65,0.04,0,0,14.99
12/24/2018,29,51,0,0,0,4.03
12/27/2018,29,54,0.02,0,0,5.14
12/31/2018,47,67,0.13,0,0,8.05
1/1/2019,51,71,0,0,0,7.38
1/3/2019,47,55,0.21,0,0,2.68
1/8/2019,46,67,0,0,0,9.17
1/13/2019,32,37,1.04,0,0,7.38
1/15/2019,28,47,0,0,0,1.34
1/19/2019,37,59,0,0,0,8.05
1/23/2019,31,64,0.04,0,0,7.83
2/6/2019,47,77,0,0,0,7.16
2/8/2019,45,75,0,0,0,9.17
2/27/2019,40,50,0.29,0,0,3.13
2/28/2019,42,62,0,0,0,5.82
3/7/2019,23,50,0,0,0,2.46
3/8/2019,39,49,0.1,0,0,4.7
3/22/2019,42,63,0,0,0,9.4
3/27/2019,30,57,0,0,0,6.93
3/28/2019,32,66,0,0,0,3.58
4/3/2019,31,69,0,0,0,4.7
4/8/2019,57,81,1.98,0,0,8.5
4/9/2019,61,74,0.04,0,0,5.82
4/11/2019,47,79,0,0,0,6.49
4/12/2019,59,69,0.65,0,0,9.17
4/22/2019,43,73,0,0,0,1.79
4/23/2019,46,81,0,0,0,7.38
4/30/2019,60,86,0,0,0,8.5
5/3/2019,63,84,0,0,0,8.28
5/8/2019,62,83,0,0,0,7.38
5/10/2019,66,78,0,0,0,8.28
5/11/2019,64,81,0.18,0,0,5.37
5/14/2019,47,67,0,0,0,4.92
5/16/2019,51,79,0,0,0,4.03
5/21/2019,63,85,0,0,0,5.82
6/12/2019,59,74,0.35,0,0,6.71
6/14/2019,53,79,0,0,0,4.03
6/28/2019,70,97,1.09,0,0,3.8
6/30/2019,69,94,0,0,0,5.14
7/3/2019,70,97,0,0,0,4.03
7/7/2019,75,93,0.21,0,0,6.04
7/11/2019,75,93,0,0,0,9.17
7/14/2019,72,96,0,0,0,3.36
7/15/2019,70,95,0.35,0,0,4.25
7/17/2019,76,98,0.03,0,0,8.95
7/19/2019,74,98,0,0,0,6.93
7/21/2019,73,99,0,0,0,9.62
7/24/2019,62,84,0,0,0,4.7
7/25/2019,63,87,0,0,0,4.25
7/30/2019,68,94,0,0,0,6.26
8/2/2019,68,87,0.21,0,0,5.14
8/10/2019,71,91,0,0,0,3.58
8/16/2019,70,88,0.64,0,0,3.13
8/17/2019,72,91,0,0,0,4.47
8/19/2019,72,95,0,0,0,6.26
8/28/2019,69,88,0,0,0,2.91
9/1/2019,63,86,0,0,0,5.59
9/10/2019,70,89,0,0,0,3.8
9/12/2019,71,96,0,0,0,4.03
9/13/2019,71,82,0.01,0,0,8.95
9/17/2019,66,88,0.07,0,0,5.82
9/18/2019,60,79,0,0,0,7.61
9/30/2019,71,88,0,0,0,6.04
10/12/2019,52,86,0,0,0,4.03
10/22/2019,57,77,0.18,0,0,6.04
11/30/2019,46,50,0.25,0,0,4.03
12/11/2019,30,48,0.32,0,0,4.47
12/16/2019,40,70,0,0,0,7.61
12/18/2019,34,48,0,0,0,6.26
12/19/2019,27,44,0,0,0,1.79
12/23/2019,42,50,0.25,0,0,5.59
12/27/2019,44,67,0,0,0,2.01
12/31/2019,39,59,0,0,0,6.04
1/1/2020,35,55,0,0,0,4.47
1/11/2020,57,72,0.02,0,0,12.97
1/12/2020,63,70,0.31,0,0,9.17
1/26/2020,32,54,0,0,0,4.25
1/29/2020,28,50,0,0,0,2.68
1/30/2020,32,51,0,0,0,5.82
2/2/2020,33,63,0,0,0,10.96
2/4/2020,57,69,0,0,0,10.07
2/8/2020,27,43,0,0,0,5.37
2/21/2020,26,36,0,0,2,7.61
2/22/2020,22,54,0,0,0,2.68
2/26/2020,48,64,0,0,0,6.93
3/1/2020,24,59,0,0,0,5.37
3/6/2020,40,59,0,0,0,7.83
3/14/2020,51,69,0,0,0,5.37
3/17/2020,50,63,0,0,0,5.59
3/22/2020,46,58,0.03,0,0,10.96
4/6/2020,52,82,0.02,0,0,5.37
4/10/2020,42,60,0,0,0,8.28
4/18/2020,41,67,0.36,0,0,9.17
4/29/2020,59,81,0,0,0,15.21
5/3/2020,53,86,0,0,0,9.17
5/5/2020,53,73,0.02,0,0,8.28
5/23/2020,61,85,0,0,0,4.47
5/28/2020,70,85,0.73,0,0,6.49
5/30/2020,68,88,0,0,0,3.8
6/5/2020,71,88,0,0,0,8.28
6/10/2020,76,92,0.05,0,0,11.18
6/19/2020,66,86,0.8,0,0,5.59
6/21/2020,62,89,0,0,0,2.24
6/22/2020,70,91,0,0,0,7.83
6/27/2020,66,91,0,0,0,5.82
6/29/2020,72,91,0,0,0,4.03
7/2/2020,70,90,0,0,0,5.37
7/17/2020,73,95,0.96,0,0,6.26
7/19/2020,72,95,0,0,0,7.16
8/13/2020,73,90,0.06,0,0,3.8
8/27/2020,71,93,0,0,0,7.16
9/1/2020,73,82,0.01,0,0,2.01
9/12/2020,68,80,0.01,0,0,8.72
10/3/2020,46,72,0,0,0,5.82
10/10/2020,62,75,0.7,0,0,2.46
10/15/2020,53,80,0,0,0,5.82
10/21/2020,63,83,0,0,0,2.46
10/23/2020,57,80,0,0,0,1.12
10/24/2020,60,83,0,0,0,3.36
10/25/2020,51,68,0.1,0,0,8.05
11/9/2020,53,76,0,0,0,3.8
11/14/2020,43,66,0,0,0,3.13
11/16/2020,43,63,0,0,0,4.03
11/17/2020,35,62,0,0,0,5.82
11/19/2020,28,57,0,0,0,2.01
12/3/2020,26,58,0,0,0,3.58
12/8/2020,27,48,0,0,0,4.25
12/15/2020,29,45,0,0,0,6.49
12/20/2020,35,46,0.47,0,0,2.68
12/23/2020,27,57,0,0,0,3.58
12/31/2020,41,55,0.41,0,0,3.36
1/5/2021,29,48,0,0,0,1.34
1/6/2021,34,51,0,0,0,2.46
1/17/2021,27,50,0,0,0,6.93
1/24/2021,23,46,0,0,0,3.8
1/26/2021,41,48,0.37,0,0,4.47
1/30/2021,20,44,0,0,0,2.01
2/1/2021,33,43,0,0,0,5.82
2/3/2021,31,50,0,0,0,8.05
2/7/2021,29,49,0.66,0,0,4.25
2/8/2021,25,53,0,0,0,4.03
2/18/2021,32,40,0.78,0,0,9.17
2/20/2021,28,45,0,0,0,4.47
2/25/2021,41,67,0,0,0,6.04
2/26/2021,41,50,0.58,0,0,9.17
3/4/2021,34,67,0,0,0,4.7
3/10/2021,40,76,0,0,0,5.82
3/15/2021,45,56,0,0,0,7.61
3/22/2021,43,69,0,0,0,10.51
3/24/2021,55,68,0.07,0,0,4.7
3/26/2021,64,79,0.14,0,0,12.08
4/6/2021,49,83,0,0,0,3.36
4/7/2021,50,86,0,0,0,2.24
4/23/2021,31,67,0,0,0,3.8
4/25/2021,47,70,0.02,0,0,5.59
4/30/2021,63,79,0,0,0,10.51
5/2/2021,51,84,0,0,0,10.96
5/10/2021,60,81,0.37,0,0,10.07
5/11/2021,52,70,0,0,0,4.7
5/12/2021,41,57,0.09,0,0,6.04
5/13/2021,37,71,0,0,0,4.03
5/14/2021,41,73,0,0,0,3.13
5/15/2021,40,76,0,0,0,2.01
5/24/2021,64,93,0.31,0,0,3.8
5/30/2021,52,63,0.01,0,0,7.16
6/6/2021,68,90,0,0,0,6.71
6/8/2021,71,88,0,0,0,10.96
6/14/2021,67,90,0,0,0,5.37
6/25/2021,63,80,0.04,0,0,4.47
6/27/2021,70,89,0,0,0,4.92
7/6/2021,68,90,0,0,0,7.61
7/10/2021,70,92,0,0,0,2.91
7/14/2021,69,90,0.02,0,0,6.26
7/15/2021,71,91,0,0,0,6.93
7/18/2021,71,87,0.17,0,0,7.83
7/19/2021,67,76,0.52,0,0,3.8
7/25/2021,70,89,0,0,0,9.62
7/28/2021,71,95,0,0,0,4.7
8/9/2021,69,93,0,0,0,5.59
8/13/2021,76,100,0,0,0,8.72
8/14/2021,71,95,0.55,0,0,6.49
8/15/2021,70,88,0.15,0,0,1.79
8/26/2021,73,93,0,0,0,5.14
10/4/2021,65,88,0.47,0,0,6.26
10/7/2021,66,77,0,0,0,8.95
10/12/2021,59,71,0,0,0,2.68
10/13/2021,57,82,0,0,0,1.34
10/14/2021,60,84,0,0,0,2.01
10/16/2021,56,85,0.17,0,0,8.05
10/18/2021,42,71,0,0,0,3.58
10/22/2021,54,78,0.01,0,0,5.82
10/31/2021,49,72,0,0,0,6.04
11/4/2021,39,48,0.07,0,0,4.7
11/6/2021,38,54,0,0,0,12.08
11/13/2021,40,66,0,0,0,6.49
11/24/2021,24,53,0,0,0,1.57
11/26/2021,35,54,0.14,0,0,6.26
12/2/2021,45,71,0,0,0,8.28
12/12/2021,30,58,0,0,0,4.03
12/13/2021,27,60,0,0,0,2.01
12/22/2021,37,58,0,0,0,4.7
12/30/2021,64,67,0.1,0,0,6.26
12/31/2021,61,74,0,0,0,4.9
1/4/2022,26,44,0,0,0,3.4
1/10/2022,34,53,0,0,0,5.1
2/2/2022,25,60,0,0,0,3.1
2/3/2022,48,70,0.02,0,0,9.6
2/4/2022,47,67,0.3,0,0,15.2
2/7/2022,32,37,0.53,0,0,5.6
2/11/2022,36,70,0,0,0,8.3
2/12/2022,44,73,0,0,0,8.3
2/13/2022,32,54,0,0,0,6.7
2/17/2022,53,75,0,0,0,13.2
2/18/2022,38,71,0.16,0,0,11.2
3/2/2022,42,76,0,0,0,5.1
3/8/2022,49,63,0.39,0,0,5.8
3/12/2022,28,60,1.01,0,0,10.3
3/21/2022,34,71,0,0,0,4.3
3/25/2022,52,70,0,0,0,8.1
3/29/2022,30,55,0,0,0,3.8
3/31/2022,65,73,0.72,0,0,16.1
4/13/2022,63,84,0,0,0,12.3
4/16/2022,51,76,0,0,0,6.5
4/20/2022,34,66,0,0,0,2.9
4/24/2022,59,84,0,0,0,8.1
5/1/2022,50,83,0.82,0,0,6.3
5/2/2022,64,84,0,0,0,6.7
5/4/2022,67,88,0,0,0,8.7
5/5/2022,62,76,0,0,0,8.5
5/6/2022,62,85,0.97,0,0,7.8
5/9/2022,44,71,0,0,0,7.2
5/10/2022,48,75,0,0,0,9.4
5/13/2022,63,78,0,0,0,6.9
5/15/2022,61,86,0,0,0,5.4
5/17/2022,53,84,0,0,0,4.5
5/18/2022,55,87,0,0,0,6.3
5/20/2022,66,96,0,0,0,10.5
5/24/2022,61,80,0,0,0,8.3
5/31/2022,68,92,0,0,0,4
1/1/2017,41,50,0.54,0,0,6.49
1/8/2017,15,27,0,0,1.2,4.92
1/16/2017,44,51,0,0,0,4.47
1/23/2017,43,60,0.28,0,0,9.84
2/7/2017,49,76,0,0,0,12.53
2/8/2017,54,74,0.09,0,0,5.82
2/21/2017,44,66,0,0,0,5.82
2/24/2017,47,80,0,0,0,3.58
2/25/2017,52,81,0,0,0,13.2
2/26/2017,37,56,0,0,0,4.47
3/2/2017,39,62,0,0,0,8.05
3/3/2017,31,54,0,0,0,6.71
3/8/2017,46,69,0.05,0,0,8.5
3/20/2017,30,66,0,0,0,3.58
4/3/2017,50,76,0.4,0,0,9.17
4/5/2017,53,78,0.32,0,0,6.71
4/6/2017,50,70,0.09,0,0,15.21
4/7/2017,43,59,0,0,0,11.86
4/9/2017,38,77,0,0,0,4.47
4/11/2017,55,82,0,0,0,10.51
4/18/2017,61,74,0.03,0,0,9.62
4/25/2017,58,70,2.17,0,0,6.93
5/13/2017,52,66,0.23,0,0,4.47
5/19/2017,68,89,0,0,0,8.05
5/20/2017,67,90,0,0,0,7.38
5/22/2017,68,80,0.3,0,0,8.05
5/23/2017,67,71,0.69,0,0,4.47
5/29/2017,64,87,0.08,0,0,3.13
6/1/2017,62,85,0,0,0,1.57
6/2/2017,61,85,0,0,0,3.8
6/4/2017,61,90,0.38,0,0,5.82
6/12/2017,67,89,0,0,0,6.49
6/14/2017,66,93,0,0,0,5.82
6/15/2017,70,91,0,0,0,3.36
7/2/2017,71,92,0,0,0,4.47
7/5/2017,70,89,0.47,0,0,2.46
7/11/2017,71,95,0,0,0,6.93
7/16/2017,73,91,0.05,0,0,5.14
7/19/2017,67,94,0,0,0,2.68
7/20/2017,71,99,0,0,0,3.8
7/22/2017,76,101,0,0,0,10.74
8/3/2017,68,94,0,0,0,3.8
8/4/2017,68,92,0,0,0,7.16
8/7/2017,74,92,0.04,0,0,10.96
8/13/2017,73,81,0.73,0,0,6.26
8/21/2017,71,93,0,0,0,3.13
8/27/2017,63,81,0,0,0,9.17
8/31/2017,69,87,0.01,0,0,7.16
9/4/2017,59,87,0,0,0,3.58
9/13/2017,61,84,0,0,0,6.71
9/22/2017,61,89,0,0,0,2.24
9/25/2017,63,83,0,0,0,6.71
10/20/2017,43,77,0,0,0,2.01
10/21/2017,48,79,0,0,0,2.01
10/23/2017,61,76,1.12,0,0,10.74
10/30/2017,36,59,0,0,0,6.93
10/31/2017,39,69,0,0,0,1.79
11/8/2017,43,45,0.13,0,0,8.28
11/9/2017,45,50,0.27,0,0,4.03
11/23/2017,29,50,0,0,0,2.68
11/24/2017,26,57,0,0,0,1.57
11/26/2017,33,62,0,0,0,2.91
12/1/2017,41,63,0,0,0,5.14
12/3/2017,42,64,0,0,0,2.46
12/12/2017,30,53,0,0,0,9.62
12/18/2017,35,61,0,0,0,2.01
12/20/2017,48,56,0.42,0,0,2.46
12/25/2017,30,47,0,0,0,7.61
12/26/2017,27,43,0,0,0,2.24
12/28/2017,18,30,0,0,0,7.83
12/29/2017,15,42,0,0,0,2.01
12/30/2017,27,52,0,0,0,4.92
1/17/2018,23,38,0.49,5.9,0,5.82
1/29/2018,33,52,0.59,0,0,8.05
2/1/2018,31,62,0,0,0,13.2
2/6/2018,29,59,0,0,0,5.37
2/13/2018,37,44,0,0,0,8.72
2/15/2018,54,75,0,0,0,14.32
2/16/2018,56,81,0.02,0,0,13.42
2/19/2018,40,50,0.3,0,0,2.46
2/20/2018,50,72,0,0,0,3.36
2/21/2018,63,77,0,0,0,8.95
3/13/2018,29,48,0,0,1.2,6.71
3/17/2018,34,71,0.27,0,0,6.26
3/22/2018,32,53,0,0,0,6.04
4/8/2018,32,52,0,0,0,4.92
4/9/2018,40,57,0,0,0,5.14
4/19/2018,45,76,0,0,0,10.96
4/20/2018,34,65,0,0,0,2.91
4/22/2018,42,70,0,0,0,5.59
5/3/2018,57,85,0,0,0,11.86
5/9/2018,50,79,0,0,0,4.7
1/3/2017,47,56,0.31,0,0,5.37
5/12/2018,67,92,0,0,0,6.26
1/7/2017,20,32,0.6,0.5,0,9.62
5/22/2018,67,85,0.05,0,0,5.82
1/10/2017,24,48,0,0,1.2,5.14
5/24/2018,68,84,0,0,0,6.93
1/13/2017,50,76,0.01,0,0,7.38
6/10/2018,67,91,0.2,0,0,4.47
1/15/2017,40,57,0.02,0,0,5.82
6/14/2018,70,91,0,0,0,4.47
1/18/2017,45,70,0,0,0,6.49
6/15/2018,69,86,0,0,0,5.82
1/21/2017,51,55,0.38,0,0,3.58
6/17/2018,70,93,0,0,0,5.37
1/25/2017,36,73,0,0,0,7.61
7/1/2018,73,95,0.48,0,0,5.82
1/28/2017,27,52,0,0,0,9.4
7/7/2018,67,79,0.65,0,0,9.4
2/9/2017,32,60,0.11,0,0,10.96
7/9/2018,57,87,0,0,0,3.58
2/18/2017,37,73,0,0,0,7.61
7/15/2018,68,95,0,0,0,6.04
2/19/2017,44,73,0,0,0,4.7
7/28/2018,71,91,0.84,0,0,4.25
2/20/2017,42,73,0,0,0,1.79
7/29/2018,70,88,0.07,0,0,4.25
2/23/2017,50,77,0,0,0,3.36
7/30/2018,72,86,0.72,0,0,4.47
2/28/2017,50,77,0,0,0,7.16
7/31/2018,73,87,0.22,0,0,5.37
3/4/2017,25,54,0,0,0,2.46
8/2/2018,71,89,0.26,0,0,7.83
3/7/2017,49,74,0,0,0,13.87
8/6/2018,72,92,0.05,0,0,2.91
3/9/2017,37,75,0,0,0,6.04
8/12/2018,70,89,0.8,0,0,2.91
3/10/2017,41,69,0,0,0,10.74
8/21/2018,71,87,0.01,0,0,9.4
3/11/2017,31,50,0,0,0,4.47
8/25/2018,59,83,0,0,0,2.68
3/26/2017,52,77,0,0,0,6.93
8/26/2018,60,88,0,0,0,2.68
3/28/2017,60,80,0.06,0,0,7.61
8/29/2018,72,94,0,0,0,7.38
4/8/2017,34,67,0,0,0,3.13
9/13/2018,74,81,0.28,0,0,11.18
4/22/2017,56,87,0.09,0,0,9.4
9/14/2018,73,79,2.5,0,0,20.36
4/23/2017,53,56,0.77,0,0,11.18
9/20/2018,67,87,0,0,0,4.25
4/28/2017,69,88,0,0,0,9.17
9/26/2018,66,87,0.12,0,0,5.37
5/3/2017,53,79,0,0,0,5.14
9/27/2018,70,79,0.21,0,0,4.25
5/4/2017,57,80,0.29,0,0,10.74
10/10/2018,69,81,0.1,0,0,7.61
5/6/2017,53,67,0.02,0,0,10.96
10/12/2018,51,71,0,0,0,2.91
5/9/2017,43,64,0.01,0,0,1.79
10/24/2018,38,61,0,0,0,3.58
5/17/2017,66,89,0,0,0,8.95
10/27/2018,47,55,0.01,0,0,8.5
5/21/2017,60,76,0,0,0,7.61
11/1/2018,55,75,0.11,0,0,10.29
6/6/2017,64,83,0,0,0,3.8
11/2/2018,60,70,0,0,0,11.86
6/8/2017,55,73,0,0,0,7.38
11/4/2018,37,65,0.04,0,0,7.38
6/9/2017,53,83,0,0,0,4.03
11/14/2018,39,48,0.04,0,0,8.05
6/13/2017,67,89,0,0,0,8.05
11/21/2018,30,57,0,0,0,2.24
6/17/2017,72,86,0.21,0,0,5.82
11/25/2018,42,59,0,0,0,3.8
6/22/2017,71,84,0,0,0,8.05
11/27/2018,31,48,0,0,0,6.71
6/23/2017,73,91,0.04,0,0,13.65
12/1/2018,52,62,0.32,0,0,5.14
6/27/2017,59,83,0,0,0,3.8
12/5/2018,30,48,0,0,0,4.03
7/4/2017,71,92,0.84,0,0,3.8
12/7/2018,29,50,0,0,0,1.79
7/15/2017,75,94,0,0,0,5.82
12/9/2018,30,38,1.75,7,3.1,15.21
7/23/2017,71,102,0.56,0,0,8.95
12/14/2018,36,57,0.7,0,0,5.14
7/27/2017,72,94,0.02,0,0,7.61
12/15/2018,42,49,0.23,0,0,3.58
8/8/2017,68,78,1.5,0,0,5.82
12/16/2018,42,60,0,0,0,7.61
8/10/2017,63,88,0,0,0,4.03
12/19/2018,27,53,0,0,0,1.12
8/16/2017,74,92,0,0,0,4.03
12/25/2018,26,50,0,0,0,1.57
8/17/2017,75,94,0.24,0,0,4.92
12/26/2018,26,51,0,0,0,2.46
8/22/2017,74,96,0,0,0,7.61
1/6/2019,39,65,0,0,0,2.68
8/25/2017,68,85,0,0,0,5.14
1/10/2019,27,39,0,0,0,6.93
9/3/2017,62,83,0,0,0,4.25
1/11/2019,21,43,0,0,0,2.01
9/14/2017,64,83,0,0,0,6.04
1/16/2019,26,54,0,0,0,3.13
9/15/2017,63,85,0,0,0,1.79
1/17/2019,28,49,0.01,0,0,4.7
9/16/2017,62,85,0,0,0,3.8
1/18/2019,39,59,0,0,0,4.92
9/17/2017,63,85,0,0,0,5.59
1/24/2019,35,65,0.73,0,0,11.41
9/21/2017,65,88,0,0,0,1.79
1/28/2019,37,50,0,0,0,5.82
9/23/2017,61,87,0,0,0,4.47
1/29/2019,31,54,0.16,0,0,8.95
9/24/2017,63,87,0,0,0,5.59
1/31/2019,18,39,0,0,0,4.92
9/29/2017,60,72,0,0,0,6.04
2/3/2019,33,61,0,0,0,0
9/30/2017,54,77,0,0,0,7.83
2/11/2019,36,46,0.15,0,0,3.58
10/4/2017,50,82,0,0,0,2.24
2/22/2019,40,53,0.69,0,0,7.38
10/5/2017,54,85,0,0,0,3.13
2/23/2019,39,42,1.02,0,0,5.14
10/8/2017,74,84,0.02,0,0,8.28
3/4/2019,34,50,0.01,0,0,4.92
10/9/2017,74,92,0.09,0,0,11.86
3/5/2019,32,44,0,0,0,5.14
10/10/2017,75,90,0,0,0,6.71
3/10/2019,47,68,0.04,0,0,9.4
10/17/2017,42,64,0,0,0,5.14
3/12/2019,35,60,0,0,0,2.68
10/18/2017,37,68,0,0,0,2.68
3/13/2019,32,64,0,0,0,4.7
10/19/2017,42,76,0,0,0,1.12
3/14/2019,50,75,0,0,0,10.29
11/3/2017,52,81,0,0,0,2.01
3/17/2019,35,57,0,0,0,3.8
11/11/2017,28,46,0,0,0,5.14
3/20/2019,32,53,0.05,0,0,6.71
11/16/2017,36,67,0,0,0,3.13
3/25/2019,51,71,0.54,0,0,7.38
11/25/2017,29,67,0,0,0,4.92
3/30/2019,53,76,0,0,0,10.74
11/28/2017,29,65,0,0,0,2.24
3/31/2019,44,65,0.01,0,0,9.17
12/2/2017,45,51,0,0,0,2.91
4/10/2019,54,74,0,0,0,4.25
12/5/2017,41,69,0,0,0,4.7
4/15/2019,47,71,0.05,0,0,10.51
12/6/2017,41,57,0.24,0,0,4.7
4/27/2019,45,74,0,0,0,8.05
12/8/2017,32,43,1.33,0.3,0,5.82
4/29/2019,54,69,0,0,0,7.61
12/10/2017,27,43,0,0,0,5.82
5/4/2019,65,86,0.63,0,0,7.38
12/17/2017,27,51,0,0,0,2.24
5/17/2019,58,85,0,0,0,6.26
1/3/2018,9,32,0.06,0.9,0,4.25
5/18/2019,62,91,0,0,0,2.01
1/8/2018,16,47,0,0,0,5.37
5/19/2019,69,89,0,0,0,10.74
1/11/2018,41,64,0.11,0,0,6.71
5/20/2019,69,88,0,0,0,10.96
1/12/2018,56,71,0.5,0,0,11.41
5/22/2019,62,80,0,0,0,6.04
1/25/2018,26,49,0,0,0,3.13
5/28/2019,67,96,0,0,0,6.04
1/26/2018,25,57,0,0,0,4.25
5/29/2019,68,95,0,0,0,5.37
2/2/2018,24,57,0.16,0,0,7.83
6/3/2019,60,82,0,0,0,4.7
2/5/2018,29,48,0,0,0,4.03
6/6/2019,69,90,0,0,0,7.61
2/10/2018,43,65,0.08,0,0,4.47
6/11/2019,61,81,0.02,0,0,6.26
2/11/2018,64,72,0,0,0,14.99
6/13/2019,61,79,0.35,0,0,7.61
2/14/2018,37,58,0,0,0,6.49
6/15/2019,51,83,0,0,0,6.93
2/18/2018,39,61,0.02,0,0,5.14
6/18/2019,71,91,0.06,0,0,9.4
2/23/2018,52,70,0,0,0,4.92
6/26/2019,68,89,0,0,0,2.46
2/24/2018,57,78,0,0,0,11.18
6/27/2019,67,93,0,0,0,3.36
2/26/2018,40,63,0.09,0,0,4.25
6/29/2019,68,92,0.03,0,0,4.03
2/27/2018,35,61,0,0,0,2.24
7/6/2019,74,93,0,0,0,8.95
3/4/2018,35,56,0,0,0,6.93
7/20/2019,73,95,0,0,0,5.37
3/5/2018,26,54,0,0,0,4.7
7/31/2019,69,95,0.24,0,0,3.36
3/7/2018,35,54,0,0,0,6.71
8/13/2019,73,96,0.56,0,0,7.61
3/8/2018,27,47,0,0,0,4.47
8/18/2019,70,92,0,0,0,2.91
3/9/2018,25,52,0,0,0,6.04
8/22/2019,71,95,0.34,0,0,6.71
3/10/2018,38,56,0,0,0,3.13
8/26/2019,61,79,0,0,0,6.49
3/11/2018,38,49,0.21,0,0,7.83
9/7/2019,63,90,0,0,0,3.58
3/23/2018,27,56,0,0,0,3.8
9/11/2019,68,92,0,0,0,3.8
3/27/2018,34,49,0.01,0,0,5.37
9/15/2019,67,86,0,0,0,3.36
3/29/2018,56,80,0,0,0,13.87
9/22/2019,63,90,0,0,0,7.61
4/3/2018,45,75,0,0,0,7.61
9/27/2019,68,88,0,0,0,8.05
4/6/2018,45,73,0,0,0,11.41
10/3/2019,70,100,0,0,0,3.58
4/14/2018,59,81,0,0,0,13.87
10/7/2019,58,85,0,0,0,3.58
4/18/2018,42,82,0,0,0,9.62
10/10/2019,53,75,0,0,0,4.7
4/24/2018,53,65,0.85,0,0,12.3
10/17/2019,45,66,0,0,0,8.28
5/2/2018,53,85,0,0,0,10.07
10/18/2019,40,68,0,0,0,2.46
5/4/2018,60,85,0,0,0,12.97
10/24/2019,40,73,0,0,0,1.57
5/6/2018,62,85,0.16,0,0,3.58
10/27/2019,61,85,0.13,0,0,8.28
5/7/2018,55,74,0,0,0,7.61
10/30/2019,62,70,0.35,0,0,5.82
5/17/2018,69,77,0.69,0,0,7.16
11/5/2019,45,73,0,0,0,1.12
5/23/2018,69,87,0,0,0,6.93
11/13/2019,25,40,0,0,0,5.59
6/1/2018,69,92,0,0,0,5.59
11/16/2019,42,50,0,0,0,15.66
6/8/2018,65,89,0,0,0,4.47
11/23/2019,47,60,0.76,0,0,7.61
6/11/2018,64,85,0.31,0,0,8.72
12/5/2019,30,58,0,0,0,3.13
6/21/2018,72,92,0.12,0,0,3.58
12/6/2019,31,56,0,0,0,4.47
6/25/2018,72,88,0.02,0,0,4.25
12/9/2019,43,61,0,0,0,7.16
6/30/2018,71,94,0.02,0,0,4.92
12/10/2019,48,76,0.15,0,0,9.84
7/5/2018,72,95,0.03,0,0,4.92
12/12/2019,28,45,0,0,0,6.93
7/14/2018,65,89,0,0,0,4.03
12/13/2019,36,49,1.4,0,0,4.25
7/17/2018,72,98,0.1,0,0,8.5
12/17/2019,45,64,0.41,0,0,10.96
7/20/2018,69,86,0,0,0,9.4
12/22/2019,26,48,0.04,0,0,0.45
7/27/2018,73,95,0,0,0,6.93
12/26/2019,34,66,0,0,0,1.12
8/3/2018,70,77,1.12,0,0,5.82
12/28/2019,48,71,0,0,0,1.79
8/8/2018,69,94,0.46,0,0,6.49
1/4/2020,43,65,0.45,0,0,9.17
8/14/2018,65,86,0.12,0,0,2.46
1/9/2020,30,51,0,0,0,6.04
8/15/2018,68,90,0,0,0,2.24
1/13/2020,63,67,0.46,0,0,5.37
8/18/2018,73,88,0.49,0,0,9.84
1/20/2020,26,39,0,0,0,5.82
8/22/2018,70,88,0.01,0,0,6.71
1/24/2020,39,65,0.21,0,0,9.84
9/2/2018,69,90,0,0,0,2.24
1/25/2020,39,59,0.55,0,0,5.14
9/4/2018,72,92,0.01,0,0,2.91
2/3/2020,42,74,0,0,0,7.38
9/16/2018,73,76,0.9,0,0,14.99
2/11/2020,61,71,0.42,0,0,12.3
9/18/2018,71,85,0,0,0,6.93
2/17/2020,37,59,0,0,0,5.14
10/16/2018,64,75,0.01,0,0,4.92
2/20/2020,33,43,0.47,2.5,0,6.49
10/20/2018,54,67,0.21,0,0,8.05
2/28/2020,27,53,0.01,0,0,7.61
10/21/2018,37,58,0,0,0,5.59
2/29/2020,29,47,0,0,0,6.71
10/26/2018,42,52,1.58,0,0,8.05
3/8/2020,28,63,0,0,0,4.47
10/29/2018,39,65,0,0,0,5.14
3/9/2020,37,69,0,0,0,11.41
10/30/2018,35,65,0,0,0,1.12
3/25/2020,45,57,0.86,0,0,7.16
11/12/2018,35,48,3.17,0,0,5.14
3/26/2020,47,61,0,0,0,5.14
11/13/2018,44,51,1.19,0,0,2.91
3/27/2020,52,81,0,0,0,8.5
11/15/2018,36,43,0.88,0,0,10.29
3/30/2020,62,77,0,0,0,7.16
11/18/2018,37,59,0,0,0,1.57
4/9/2020,57,80,0.09,0,0,10.07
11/19/2018,43,65,0,0,0,3.36
4/14/2020,52,74,0,0,0,6.71
11/23/2018,27,45,0,0,0,7.83
4/19/2020,39,70,0,0,0,4.03
11/26/2018,39,63,0.01,0,0,9.84
4/20/2020,51,62,0.68,0,0,4.92
12/4/2018,41,53,0,0,0,4.03
4/23/2020,55,66,0.1,0,0,7.83
12/6/2018,25,46,0,0,0,3.8
4/24/2020,61,80,0.01,0,0,10.51
12/18/2018,34,53,0,0,0,2.01
5/17/2020,60,86,0,0,0,7.16
12/28/2018,50,68,1.61,0,0,9.84
5/20/2020,53,59,1.59,0,0,13.65
1/2/2019,47,54,0.01,0,0,5.14
5/21/2020,59,70,0.67,0,0,12.08
1/4/2019,46,60,0.54,0,0,7.16
5/24/2020,62,87,0.12,0,0,4.7
1/9/2019,37,57,0,0,0,9.4
5/27/2020,67,78,0.37,0,0,8.28
1/20/2019,26,59,0.61,0,0,12.3
6/3/2020,67,91,0,0,0,11.41
1/26/2019,22,51,0,0,0,2.46
6/6/2020,72,90,0,0,0,6.04
1/27/2019,26,53,0,0,0,2.91
6/12/2020,68,85,0,0,0,6.04
1/30/2019,21,44,0,0,0,8.28
6/14/2020,59,81,0,0,0,8.28
2/1/2019,27,58,0,0,0,5.37
6/24/2020,70,88,0,0,0,4.92
2/5/2019,38,76,0,0,0,1.57
7/12/2020,67,93,0,0,0,3.36
2/7/2019,60,79,0,0,0,12.75
7/15/2020,71,94,0,0,0,4.7
2/12/2019,41,48,0.17,0,0,5.37
7/23/2020,73,95,0.36,0,0,6.26
2/13/2019,39,57,0,0,0,10.07
7/24/2020,72,90,0.01,0,0,6.49
2/14/2019,29,64,0,0,0,4.7
7/25/2020,71,94,0.38,0,0,4.25
2/15/2019,49,67,0,0,0,10.51
7/27/2020,74,96,0,0,0,7.16
2/20/2019,32,37,0.39,0,0,7.61
7/29/2020,72,92,0.59,0,0,5.14
3/6/2019,27,42,0,0,0,5.59
8/1/2020,75,94,0,0,0,6.26
3/15/2019,58,74,0.31,0,0,13.42
8/5/2020,71,89,0,0,0,5.37
3/23/2019,35,62,0,0,0,6.04
8/22/2020,73,86,0.01,0,0,5.14
3/29/2019,45,74,0,0,0,8.28
8/23/2020,72,89,0,0,0,8.5
4/1/2019,34,53,0,0,0,5.82
8/29/2020,77,87,0.03,0,0,11.86
4/4/2019,48,75,0,0,0,5.14
9/6/2020,57,82,0,0,0,3.58
4/5/2019,54,60,0.54,0,0,6.93
9/9/2020,72,82,0.03,0,0,7.38
4/7/2019,52,71,0,0,0,5.14
9/11/2020,73,88,0.05,0,0,4.92
4/18/2019,61,80,0,0,0,11.41
9/13/2020,64,85,0,0,0,3.8
4/19/2019,64,73,1.31,0,0,14.54
9/14/2020,66,85,0,0,0,6.71
4/24/2019,58,84,0,0,0,4.92
9/19/2020,51,66,0,0,0,9.62
4/25/2019,59,82,0,0,0,5.14
9/20/2020,51,70,0,0,0,9.62
4/26/2019,51,77,0.21,0,0,12.97
9/22/2020,44,72,0,0,0,2.46
4/28/2019,56,82,0,0,0,9.4
9/23/2020,50,73,0,0,0,1.34
5/2/2019,63,85,0,0,0,9.17
9/24/2020,58,72,0.11,0,0,2.24
5/23/2019,64,84,0,0,0,8.05
9/25/2020,61,69,1.9,0,0,5.82
5/24/2019,68,93,0,0,0,5.82
9/28/2020,63,83,0.01,0,0,6.93
5/25/2019,71,92,0,0,0,6.71
9/30/2020,53,72,0,0,0,5.59
5/31/2019,64,91,0.67,0,0,2.46
10/7/2020,57,83,0,0,0,5.82
6/1/2019,61,84,0,0,0,2.91
10/13/2020,54,82,0,0,0,3.58
6/5/2019,68,88,0.29,0,0,10.51
10/19/2020,51,75,0,0,0,0.67
6/7/2019,71,78,0.53,0,0,4.7
10/20/2020,53,80,0,0,0,1.12
6/20/2019,69,93,0.3,0,0,10.74
10/30/2020,48,74,0.28,0,0,6.49
6/23/2019,67,81,0,0,0,4.03
11/3/2020,33,66,0,0,0,3.13
6/24/2019,64,95,0,0,0,7.38
11/8/2020,52,79,0,0,0,4.47
7/1/2019,72,90,0,0,0,5.14
11/10/2020,54,79,0,0,0,4.03
7/4/2019,72,96,1,0,0,3.58
11/12/2020,59,71,2.94,0,0,6.04
7/9/2019,73,85,0,0,0,6.26
11/15/2020,51,76,0,0,0,10.51
7/26/2019,65,87,0,0,0,3.8
11/18/2020,31,52,0,0,0,2.91
7/27/2019,63,88,0,0,0,1.12
11/22/2020,41,70,0,0,0,2.01
7/28/2019,63,90,0,0,0,2.68
11/25/2020,37,67,0,0,0,6.93
8/1/2019,67,91,0.87,0,0,4.47
11/28/2020,41,67,0,0,0,1.34
8/4/2019,68,89,0.16,0,0,1.79
12/2/2020,29,53,0,0,0,4.47
8/6/2019,65,90,0.16,0,0,4.92
12/9/2020,26,53,0,0,0,6.04
8/8/2019,68,91,0.12,0,0,3.36
12/11/2020,35,68,0,0,0,1.34
8/9/2019,67,93,0,0,0,3.13
12/12/2020,44,65,0,0,0,6.71
8/11/2019,69,88,0,0,0,6.49
12/22/2020,32,56,0,0,0,6.26
8/12/2019,68,90,0,0,0,4.47
12/28/2020,31,61,0,0,0,5.37
8/21/2019,71,91,0.12,0,0,11.18
1/4/2021,34,49,0,0,0,1.12
8/23/2019,71,92,0.28,0,0,6.93
1/13/2021,26,57,0,0,0,2.91
8/27/2019,65,81,0.01,0,0,3.36
1/15/2021,33,57,0.24,0,0,6.04
8/29/2019,61,86,0,0,0,2.91
1/20/2021,31,54,0,0,0,6.04
9/4/2019,70,88,0,0,0,3.58
2/5/2021,39,49,0.16,0,0,8.28
9/14/2019,69,83,0,0,0,3.8
2/12/2021,32,37,0.05,0,0,9.62
9/19/2019,54,75,0,0,0,6.93
2/13/2021,32,35,0.77,0,0,7.61
9/23/2019,62,91,0,0,0,7.61
2/21/2021,22,46,0,0,0,6.49
9/29/2019,69,95,0,0,0,5.37
2/23/2021,31,65,0,0,0,6.93
10/1/2019,67,89,0,0,0,3.58
3/2/2021,37,51,0,0,0,2.91
10/2/2019,69,96,0,0,0,4.92
3/8/2021,26,61,0,0,0,1.12
10/4/2019,68,94,0,0,0,8.5
3/17/2021,43,59,0,0,0,4.25
10/8/2019,59,71,0.01,0,0,8.5
3/21/2021,41,67,0,0,0,11.86
10/9/2019,56,72,0,0,0,6.49
3/29/2021,43,63,0,0,0,4.7
10/11/2019,50,80,0,0,0,2.91
3/31/2021,60,74,0.4,0,0,7.83
10/13/2019,59,75,0.39,0,0,2.91
4/3/2021,26,60,0,0,0,3.13
10/14/2019,50,78,0,0,0,3.36
4/4/2021,36,74,0,0,0,5.37
10/15/2019,46,77,0,0,0,2.24
4/10/2021,57,79,0.24,0,0,8.95
10/28/2019,53,75,0,0,0,5.37
4/12/2021,49,79,0,0,0,4.25
10/31/2019,55,85,0.23,0,0,14.09
4/16/2021,38,69,0,0,0,4.92
11/1/2019,39,59,0,0,0,4.47
4/19/2021,47,66,0.01,0,0,4.7
11/3/2019,36,60,0,0,0,2.24
4/21/2021,42,77,0,0,0,10.74
11/6/2019,48,65,0,0,0,5.82
4/29/2021,67,86,0,0,0,16.11
11/11/2019,41,70,0,0,0,8.5
5/1/2021,49,74,0,0,0,4.25
11/14/2019,24,48,0.26,0,0,2.24
5/5/2021,63,85,0,0,0,10.07
11/17/2019,40,53,0,0,0,10.96
5/16/2021,45,73,0.01,0,0,1.79
11/19/2019,41,56,0,0,0,2.01
5/18/2021,57,76,0,0,0,3.58
11/24/2019,38,61,0.31,0,0,7.61
5/27/2021,67,92,0,0,0,3.13
11/27/2019,49,64,0.2,0,0,8.28
5/29/2021,54,85,0.06,0,0,9.17
12/1/2019,46,66,0.46,0,0,7.16
6/15/2021,64,85,0,0,0,5.14
12/8/2019,26,52,0.11,0,0,3.58
6/16/2021,59,83,0,0,0,3.36
12/14/2019,43,55,0.09,0,0,6.71
6/28/2021,67,90,0,0,0,4.92
12/24/2019,42,65,0,0,0,6.71
6/30/2021,73,92,0,0,0,8.72
1/6/2020,30,60,0,0,0,3.13
7/3/2021,59,81,0,0,0,3.13
1/10/2020,41,65,0,0,0,4.47
7/9/2021,70,91,0.52,0,0,6.26
1/14/2020,59,69,0.34,0,0,5.37
7/12/2021,74,90,0,0,0,10.07
1/18/2020,36,49,0.14,0,0,6.49
7/16/2021,73,93,0,0,0,6.71
2/7/2020,35,61,0.26,0,0,15.88
7/27/2021,71,93,0,0,0,4.92
2/14/2020,34,52,0,0,0,6.26
7/29/2021,68,94,0,0,0,8.28
2/15/2020,26,45,0,0,0,5.59
7/30/2021,76,96,0,0,0,6.71
2/18/2020,38,61,0.07,0,0,4.92
8/2/2021,69,85,0,0,0,7.16
2/19/2020,37,57,0.16,0,0,5.59
8/4/2021,66,81,0.03,0,0,8.05
2/23/2020,30,63,0,0,0,5.59
8/6/2021,61,87,0.39,0,0,2.91
3/2/2020,41,69,0,0,0,12.75
8/10/2021,73,96,0,0,0,6.49
3/3/2020,53,63,0.21,0,0,10.74
8/11/2021,74,97,0,0,0,7.61
3/5/2020,45,56,0.05,0,0,4.92
8/12/2021,74,98,0,0,0,6.71
3/10/2020,57,70,0.01,0,0,12.08
8/17/2021,73,86,0.08,0,0,6.04
3/11/2020,54,76,0,0,0,4.7
8/18/2021,76,91,0.1,0,0,9.4
3/15/2020,48,60,0,0,0,9.62
8/29/2021,71,95,0,0,0,2.46
3/20/2020,66,86,0,0,0,13.87
9/1/2021,68,88,0.21,0,0,13.65
3/29/2020,69,88,0,0,0,12.97
9/2/2021,58,81,0,0,0,6.71
4/4/2020,39,71,0,0,0,3.8
9/4/2021,54,85,0,0,0,2.91
4/12/2020,47,76,0.01,0,0,10.96
9/5/2021,64,89,0,0,0,8.5
4/16/2020,34,67,0,0,0,3.8
9/7/2021,62,91,0,0,0,4.03
4/21/2020,48,77,0,0,0,9.62
9/14/2021,67,91,0,0,0,6.04
4/28/2020,42,77,0,0,0,4.92
9/18/2021,71,86,0,0,0,2.46
5/1/2020,53,66,0.02,0,0,7.16
9/23/2021,54,78,0,0,0,3.58
5/2/2020,43,75,0,0,0,3.8
9/26/2021,51,78,0,0,0,2.91
5/4/2020,57,80,0,0,0,6.04
9/29/2021,60,84,0,0,0,4.25
5/19/2020,54,64,0.79,0,0,12.53
10/17/2021,45,66,0,0,0,4.25
5/29/2020,69,81,0.78,0,0,6.71
10/23/2021,50,73,0,0,0,2.24
6/8/2020,71,88,0,0,0,5.82
10/24/2021,48,78,0,0,0,4.25
6/11/2020,71,88,0.11,0,0,9.62
10/25/2021,61,79,1.04,0,0,5.14
6/20/2020,64,84,0,0,0,3.13
10/27/2021,46,70,0,0,0,3.36
6/23/2020,72,89,0,0,0,12.08
10/28/2021,47,72,0.28,0,0,6.93
6/25/2020,71,86,0,0,0,7.16
11/2/2021,45,66,0,0,0,5.14
7/5/2020,70,92,0.4,0,0,4.25
11/10/2021,43,79,0,0,0,1.34
7/7/2020,71,87,0,0,0,5.14
11/11/2021,45,75,0.02,0,0,5.82
7/18/2020,72,94,0,0,0,4.47
11/12/2021,46,71,0,0,0,5.14
7/20/2020,76,97,0,0,0,7.61
11/17/2021,42,75,0,0,0,6.04
7/21/2020,74,97,0,0,0,9.17
11/19/2021,33,59,0,0,0,5.59
7/26/2020,73,95,0,0,0,7.61
11/22/2021,41,57,0.52,0,0,4.25
7/31/2020,77,92,0,0,0,8.95
11/29/2021,27,49,0,0,0,4.03
8/2/2020,75,94,0,0,0,11.41
12/1/2021,30,67,0,0,0,3.36
8/9/2020,70,92,0.02,0,0,3.36
12/4/2021,44,73,0,0,0,3.58
8/11/2020,71,90,0,0,0,4.7
12/6/2021,47,73,0,0,0,11.41
8/18/2020,65,87,0,0,0,1.79
12/10/2021,37,59,0,0,0,2.46
8/25/2020,73,91,0,0,0,7.61
12/11/2021,55,73,0.41,0,0,12.3
8/28/2020,76,92,0,0,0,9.62
12/14/2021,28,61,0,0,0,3.58
8/30/2020,69,88,0,0,0,2.68
12/15/2021,32,62,0,0,0,2.01
8/31/2020,74,90,2.3,0,0,8.28
12/18/2021,59,71,0.02,0,0,9.4
9/7/2020,57,83,0,0,0,2.91
12/28/2021,53,75,0,0,0,9.17
9/16/2020,56,79,0,0,0,6.71
1/8/2022,21,42,0,0,0,3.8
9/17/2020,68,73,2.08,0,0,8.28
1/17/2022,33,42,0,0,0,13
9/21/2020,48,68,0,0,0,7.16
1/26/2022,28,42,0,0,0,8.5
9/27/2020,58,79,0,0,0,2.01
2/5/2022,27,47,0,0,0,6.5
10/1/2020,53,81,0,0,0,3.8
2/8/2022,33,50,0,0,0,2.9
10/2/2020,49,71,0,0,0,5.37
2/15/2022,23,53,0,0,0,3.8
10/5/2020,47,74,0,0,0,2.91
2/16/2022,33,67,0,0,0,8.3
10/6/2020,48,78,0,0,0,2.46
2/20/2022,26,54,0,0,0,5.4
10/11/2020,64,68,0.79,0,0,8.28
2/22/2022,59,73,0,0,0,11.4
10/12/2020,64,73,0,0,0,2.91
2/23/2022,55,71,0.09,0,0,4.9
10/14/2020,51,76,0,0,0,2.24
3/5/2022,45,70,0,0,0,6
10/16/2020,55,70,0.79,0,0,7.83
3/9/2022,45,52,0.42,0,0,4.5
10/18/2020,40,70,0,0,0,2.24
3/10/2022,43,49,0.05,0,0,7.2
10/22/2020,59,81,0,0,0,2.68
3/13/2022,23,52,0,0,0,8.3
10/26/2020,50,73,0.02,0,0,2.68
3/20/2022,46,67,0,0,0,7.6
10/27/2020,53,77,0,0,0,2.01
3/22/2022,47,76,0,0,0,8.1
10/29/2020,68,82,0.01,0,0,17
3/23/2022,59,74,0.13,0,0,9.8
11/6/2020,50,75,0,0,0,2.01
4/1/2022,46,69,0,0,0,9.6
11/7/2020,54,77,0,0,0,2.01
4/2/2022,35,66,0,0,0,3.8
11/13/2020,51,67,0,0,0,3.58
4/6/2022,61,81,0,0,0,9.2
11/21/2020,41,73,0,0,0,0.89
4/11/2022,43,82,0,0,0,7.4
11/24/2020,32,55,0,0,0,1.34
4/14/2022,67,82,0,0,0,12.3
12/1/2020,32,47,0,0,0,8.95
4/17/2022,56,75,0,0,0,
12/4/2020,39,65,0.31,0,0,8.95
4/23/2022,59,83,0,0,0,6.5
12/5/2020,37,57,0.08,0,0,7.61
4/28/2022,45,71,0,0,0,4.3
12/7/2020,35,44,0.35,0,0,4.92
5/27/2022,68,81,1.12,0,0,10.7
12/14/2020,37,59,1.12,0,0,5.82
12/16/2020,35,39,0.94,0,0,7.38
12/17/2020,35,52,0,0,0,3.8
12/18/2020,29,48,0,0,0,2.91
12/19/2020,26,49,0,0,0,2.91
12/26/2020,20,41,0,0,0,4.92
1/3/2021,44,55,0.93,0,0,3.13
1/11/2021,27,48,0.05,0,0,1.57
1/14/2021,37,55,0,0,0,4.7
1/18/2021,30,50,0,0,0,5.37
1/21/2021,31,54,0.01,0,0,3.58
1/22/2021,36,60,0,0,0,3.58
1/28/2021,29,40,0.36,1.6,2,8.72
1/29/2021,25,39,0,0,0,4.03
2/9/2021,38,65,0,0,0,2.01
2/10/2021,40,50,0,0,0,6.71
2/16/2021,34,60,0.01,0,0,9.4
2/24/2021,34,72,0,0,0,7.38
3/3/2021,34,63,0,0,0,1.34
3/11/2021,47,76,0,0,0,11.41
3/13/2021,53,69,0,0,0,2.46
3/19/2021,37,57,0.1,0,0,11.18
4/1/2021,37,61,0,0,0,8.95
4/5/2021,42,76,0,0,0,2.91
4/8/2021,53,83,0,0,0,5.37
4/11/2021,59,79,0.2,0,0,9.84
4/15/2021,52,69,0,0,0,5.14
4/24/2021,44,61,0.27,0,0,6.26
4/27/2021,51,84,0,0,0,10.96
4/28/2021,61,85,0,0,0,11.41
5/6/2021,49,68,0,0,0,4.25
5/9/2021,49,83,0,0,0,13.87
5/19/2021,51,84,0,0,0,2.01
5/22/2021,52,89,0,0,0,3.13
5/26/2021,70,94,0,0,0,6.04
5/28/2021,68,92,0.02,0,0,9.17
6/1/2021,53,83,0,0,0,3.8
6/2/2021,60,81,1.82,0,0,5.14
6/5/2021,67,89,0,0,0,2.68
6/10/2021,71,86,1,0,0,5.82
6/11/2021,72,89,0.11,0,0,6.49
6/20/2021,71,82,1.45,0,0,6.49
6/22/2021,64,79,1.03,0,0,8.5
7/1/2021,72,91,0.18,0,0,13.65
7/2/2021,66,79,1.08,0,0,5.59
7/7/2021,70,91,0,0,0,8.72
7/11/2021,73,91,0,0,0,6.71
7/17/2021,73,92,0,0,0,9.62
7/31/2021,73,91,0,0,0,5.82
8/5/2021,62,86,0,0,0,4.47
8/7/2021,67,78,0.32,0,0,2.24
8/21/2021,72,88,0,0,0,2.91
8/22/2021,70,92,0.35,0,0,2.68
9/6/2021,66,84,0,0,0,5.14
9/21/2021,67,80,0.31,0,0,7.61
9/24/2021,51,76,0,0,0,3.36
9/27/2021,51,84,0,0,0,3.58
10/2/2021,58,85,0,0,0,5.59
10/6/2021,67,83,0,0,0,6.26
10/8/2021,67,75,0.02,0,0,6.26
10/19/2021,42,75,0,0,0,2.24
10/21/2021,48,79,0,0,0,8.28
10/30/2021,49,61,0,0,0,7.16
11/8/2021,34,71,0,0,0,2.68
11/9/2021,38,77,0,0,0,2.91
11/14/2021,29,58,0,0,0,3.13
11/16/2021,30,67,0,0,0,3.36
11/18/2021,52,76,0,0,,9.84
11/20/2021,26,54,0,0,0,2.68
11/25/2021,29,63,0,0,0,6.49
11/27/2021,28,54,0,0,0,3.58
12/3/2021,44,74,0,0,0,3.8
12/5/2021,42,62,0,0,0,5.37
12/9/2021,27,45,0,0,0,3.36
12/16/2021,36,69,0,0,0,5.82
12/19/2021,34,65,0.67,0,0,7.83
12/24/2021,35,63,0,0,0,11.63
12/27/2021,45,66,0,0,0,3.13
12/29/2021,61,73,0.02,0,0,11.86
1/1/2022,64,79,0.43,0,0,14.3
1/9/2022,37,66,0.62,0,0,9.2
1/21/2022,22,30,0.15,1.5,2,10.7
1/22/2022,19,35,0.06,0.79,2,3.8
1/27/2022,20,43,0,0,0,2.7
2/9/2022,28,60,0,0,0,3.6
2/19/2022,28,60,0,0,0,5.6
2/21/2022,32,71,0,0,0,3.6
2/28/2022,32,60,0,0,0,4.5
3/1/2022,32,68,0,0,0,4
3/3/2022,46,84,0,0,0,7.4
3/7/2022,63,82,0.11,0,0,18.3
3/11/2022,45,61,0.06,0,0,3.4
3/19/2022,61,79,0,0,0,16.1
3/17/2022,55,70,0.55,0,0,5.1
3/26/2022,44,62,0,0,0,8.1
3/30/2022,40,75,0,0,0,8.1
4/4/2022,38,68,0,0,0,6.3
4/5/2022,52,76,0.36,0,0,8.5
4/18/2022,41,56,1.39,0,0,
4/21/2022,43,75,0,0,0,4.9
4/22/2022,53,83,0,0,0,4.5
4/26/2022,60,88,0.06,0,0,8.7
4/27/2022,50,72,0,0,0,5.4
5/7/2022,53,75,0.02,0,0,8.7
5/21/2022,69,93,0.29,0,0,7.6
5/22/2022,69,90,0,0,0,8.9
